
    CREATE TABLE IF NOT EXISTS block ( 
     blockNumber BIGINT PRIMARY KEY,
     blockGasUsed NUMERIC, 
     blockHash TEXT, 
     blockLogsBloom TEXT, 
     blockNonce TEXT, 
     difficulty TEXT, 
     extraData TEXT, 
     gasLimit BIGINT, 
     miner TEXT, 
     mixHash TEXT,
     parentHash TEXT, 
     receiptsRoot TEXT, 
     sha3Uncles TEXT, 
     size BIGINT, 
     stateRoot TEXT, 
     timestamp BIGINT, 
     totalDifficulty TEXT, 
     transactionsRoot TEXT, 
     uncles TEXT,
     dollarquote DECIMAL(12,6),
     totalFee NUMERIC DEFAULT null
     );
    

    CREATE TABLE IF NOT EXISTS Quick (
     txHash TEXT PRIMARY KEY,
     balanceFrom TEXT,
     balanceTo TEXT,
     blockNumber BIGINT REFERENCES block(blockNumber), 
     sender TEXT,
     nonce BIGINT, 
     recipient TEXT,
     value TEXT);
    

    CREATE TABLE IF NOT EXISTS TX (
     txHash TEXT PRIMARY KEY,    
     blockNumber BIGINT REFERENCES block(blockNumber),
     contractAddress TEXT,
     cumulativeGasUsed NUMERIC, 
     gas NUMERIC, 
     gasPrice NUMERIC, 
     gasUsed NUMERIC,
     input TEXT, 
     logs TEXT, 
     logsBloom TEXT, 
     r TEXT, 
     s TEXT, 
     status BIGINT, 
     transactionIndex BIGINT, 
     v INTEGER ,
     fee NUMERIC);
           
    CREATE TABLE IF NOT EXISTS account(
     address TEXT PRIMARY KEY,
     balance DECIMAL,
     txCount INTEGER);
    

    
    CREATE TABLE IF NOT EXISTS contract(
     address TEXT PRIMARY KEY);
    
CREATE INDEX index_quick ON Quick(value, sender, recipient);
CREATE INDEX index_TX ON TX(blockNumber, status);
CREATE INDEX index_block ON block(timestamp);
CREATE INDEX index_account ON account(address);
CREATE INDEX index_contract ON contract(address);

INSERT INTO block VALUES ( 3500014 , 275305 , '0xe9c0d11767536777dec86e7733a15dc9765fc33ab9b44bc25ea46277bce7cd92' , '0x00000000000000000000000000000000000000000400000000000000000020000000000000000000100000040080000008000000000000000000000000000000000000000000000000000080000000000001000000000000000000000000000001000000000000000000000000000000000000000000000000000000000000000000000000000000000000000004000000000000000000000000000000000000000000000000000000000000000000000000040000000000000000000000000000000000000000000000000000000001000000000000000000120000000000200000000000100000000000000000000000000000400000000000000000000000' , '0xa2cb58400296c87b' , '251025480346578' , '0x65746866616e73202d204d4e34' , 4238313 , '0x1E9939DaaAd6924AD004C2560e90804164900341' , '0x795725965d4d8024f951c38e490b89e86aaf8a842981481c4c9f8fb6875d4d20' , '0x92489ebd09a2c3bfb1b6141977b96bab019807219e01265fbd492315ab7a008e' , '0x3e8c16c8eaaded8048e65394b91ac591f4b108faf53dc6c185e6abb248c887cc' , '0x1dcc4de8dec75d7aab85b567b6ccd41ad312451b948a7413f0a142fd40d49347' , 1509 , '0xa42c1c8e292cb4e41b8fe25835c311fca271b64fc56df4570f4e8b47a1b65d18' , 1491667360 , '199309286675334373016' , '0xa9c49b3c4e7980e80604900eb601d6c21cee518ca44f2319786691f9474bd18e' , '[]' ,44.339554);
INSERT INTO account VALUES('0x1E9939DaaAd6924AD004C2560e90804164900341',10181106525597627,860924) ON CONFLICT(address)  DO UPDATE SET (address,balance,txcount) = ('0x1E9939DaaAd6924AD004C2560e90804164900341',10181106525597627,860924);

INSERT INTO TX VALUES ( '0xf5ff70f4ca2dbd1ac20db6b2a54f1c1913d1c237a70f77f348b2e8753d14ddd2' , 3500014 , 'None' , 33571 , 100000 , 100000000000 , 33571 , '0x0f2c9329000000000000000000000000167a9333bf582556f35bd4d16a7e80e191aa6476000000000000000000000000571b7b69829ce2568b9bc3d32eaf7405dab76b21' , '[]' , '0x00000000000000000000000000000000000000000000000000000000000000000000000000000000000000000000000000000000000000000000000000000000000000000000000000000000000000000000000000000000000000000000000000000000000000000000000000000000000000000000000000000000000000000000000000000000000000000000000000000000000000000000000000000000000000000000000000000000000000000000000000000000000000000000000000000000000000000000000000000000000000000000000000000000000000000000000000000000000000000000000000000000000000000000000000000000' , '0xe67feeb48910455a362e3f0a1125908532273cfa7e882681b5538a5ef87fcf17' , '0x4c1411516e6b310475c48b6eb2fcb3a80d0868a1e5044460961e83025b6096b2' , -1 , 0 , 38 ,3357100000000000);
INSERT INTO Quick VALUES ( '0xf5ff70f4ca2dbd1ac20db6b2a54f1c1913d1c237a70f77f348b2e8753d14ddd2' , 'None' , 'None' , 3500014 , '0xF0d45b3116ADCA2Ea50120686B7e37631b9Bb970' , 105 , '0xaBbb6bEbFA05aA13e908EaA492Bd7a8343760477' , '20696782040000000000' );
INSERT INTO account VALUES('0xF0d45b3116ADCA2Ea50120686B7e37631b9Bb970',13582082786851890,164) ON CONFLICT(address)  DO UPDATE SET (address,balance,txcount) = ('0xF0d45b3116ADCA2Ea50120686B7e37631b9Bb970',13582082786851890,164);

INSERT INTO contract VALUES('0xaBbb6bEbFA05aA13e908EaA492Bd7a8343760477') ON CONFLICT(address)  DO UPDATE SET address = '0xaBbb6bEbFA05aA13e908EaA492Bd7a8343760477';

INSERT INTO TX VALUES ( '0xf6ce044b5711c94a8ebde2278f92cb720a119017b3a1a855f5bffffcc99c719c' , 3500014 , '0x7600DDCb30BE80e74255e2c57002a9De50fA1351' , 86571 , 90000 , 30000000000 , 53000 , '0x' , '[]' , '0x00000000000000000000000000000000000000000000000000000000000000000000000000000000000000000000000000000000000000000000000000000000000000000000000000000000000000000000000000000000000000000000000000000000000000000000000000000000000000000000000000000000000000000000000000000000000000000000000000000000000000000000000000000000000000000000000000000000000000000000000000000000000000000000000000000000000000000000000000000000000000000000000000000000000000000000000000000000000000000000000000000000000000000000000000000000' , '0x3a069ef65feea2a7554b45271c9ea3b7ae8eadb0b958fef3e59951cf076d1dc8' , '0x6486d9002940af292ade3e23e83bccd116ec63d1f57dbadd070af4de9d1b3e41' , -1 , 1 , 38 ,1590000000000000);
INSERT INTO Quick VALUES ( '0xf6ce044b5711c94a8ebde2278f92cb720a119017b3a1a855f5bffffcc99c719c' , 'None' , 'None' , 3500014 , '0x0536806df512D6cDDE913Cf95c9886f65b1D3462' , 13627 , 'None' , '0' );
INSERT INTO account VALUES('0x0536806df512D6cDDE913Cf95c9886f65b1D3462',9253428299783737718,164185) ON CONFLICT(address)  DO UPDATE SET (address,balance,txcount) = ('0x0536806df512D6cDDE913Cf95c9886f65b1D3462',9253428299783737718,164185);


INSERT INTO TX VALUES ( '0x752c348f9bd78af9cbe54f146824f3520b4a3ba67cf39ccbdc09c7d8f22c4272' , 3500014 , 'None' , 152435 , 940000 , 20000000000 , 65864 , '0xe1fa8e8428888a6b7cba5c4b059f88dee49d9bf8ccf32b67ecf95ff3bbbb9909473e90a3' , '[AttributeDict({address: 0xCD111aa492a9c77a367C36E6D6AF8e6f212E0C8E, blockHash: HexBytes(0xe9c0d11767536777dec86e7733a15dc9765fc33ab9b44bc25ea46277bce7cd92), blockNumber: 3500014, data: 0x28888a6b7cba5c4b059f88dee49d9bf8ccf32b67ecf95ff3bbbb9909473e90a3, logIndex: 0, removed: False, topics: [HexBytes(0x78e4fc71ff7e525b3b4660a76336a2046232fd9bba9c65abb22fa3d07d6e7066)], transactionHash: HexBytes(0x752c348f9bd78af9cbe54f146824f3520b4a3ba67cf39ccbdc09c7d8f22c4272), transactionIndex: 2})]' , '0x00000000000000000000000000000000000000000000000000000000000020000000000000000000000000040000000000000000000000000000000000000000000000000000000000000000000000000000000000000000000000000000000001000000000000000000000000000000000000000000000000000000000000000000000000000000000000000000000000000000000000000000000000000000000000000000000000000000000000000000000000000000000000000000000000000000000000000000000000000000000000000000000000120000000000200000000000000000000000000000000000000000000000000000000000000000' , '0xbe3040902fb7eea65522b584662d885aeec052cc049ba5ba85069a17aee3eb5d' , '0x0cf5c5d974afa97953708719acbd932535c978bc88734f284d20ec9a785e8dcc' , -1 , 2 , 27 ,1317280000000000);
INSERT INTO Quick VALUES ( '0x752c348f9bd78af9cbe54f146824f3520b4a3ba67cf39ccbdc09c7d8f22c4272' , 'None' , 'None' , 3500014 , '0x00472c1e4275230354dbe5007A5976053f12610a' , 265408 , '0xCD111aa492a9c77a367C36E6D6AF8e6f212E0C8E' , '0' );
INSERT INTO account VALUES('0x00472c1e4275230354dbe5007A5976053f12610a',12528022663650803194,745176) ON CONFLICT(address)  DO UPDATE SET (address,balance,txcount) = ('0x00472c1e4275230354dbe5007A5976053f12610a',12528022663650803194,745176);

INSERT INTO contract VALUES('0xCD111aa492a9c77a367C36E6D6AF8e6f212E0C8E') ON CONFLICT(address)  DO UPDATE SET address = '0xCD111aa492a9c77a367C36E6D6AF8e6f212E0C8E';

INSERT INTO TX VALUES ( '0x813dff24f64b118a7fe972915d1f3de3ae83dd244c7b2c493821df8e0eda064e' , 3500014 , 'None' , 175335 , 39000 , 20000000000 , 22900 , '0x' , '[AttributeDict({address: 0xA12E87c78fc460a83666D6fE2C71c2b3a45a8ee4, blockHash: HexBytes(0xe9c0d11767536777dec86e7733a15dc9765fc33ab9b44bc25ea46277bce7cd92), blockNumber: 3500014, data: 0x00000000000000000000000000000000000000000000000029b3ebc13bd55014, logIndex: 1, removed: False, topics: [HexBytes(0x90890809c654f11d6e72a28fa60149770a0d11ec6c92319d6ceb2bb0a4ea1a15), HexBytes(0x0000000000000000000000001e9939daaad6924ad004c2560e90804164900341), HexBytes(0x0000000000000000000000000000000000000000000000000000000000000058)], transactionHash: HexBytes(0x813dff24f64b118a7fe972915d1f3de3ae83dd244c7b2c493821df8e0eda064e), transactionIndex: 3})]' , '0x00000000000000000000000000000000000000000400000000000000000000000000000000000000100000000080000008000000000000000000000000000000000000000000000000000080000000000001000000000000000000000000000000000000000000000000000000000000000000000000000000000000000000000000000000000000000000000004000000000000000000000000000000000000000000000000000000000000000000000000040000000000000000000000000000000000000000000000000000000001000000000000000000000000000000000000000000100000000000000000000000000000400000000000000000000000' , '0xf5a4519c28d51defd71b182c7697bf86b0b0df363cfff0919e7de31201ef1870' , '0x370b651526f51b17b00d63353b75189322f4d18c281a87eb30058cf9bc1e1021' , -1 , 3 , 37 ,458000000000000);
INSERT INTO Quick VALUES ( '0x813dff24f64b118a7fe972915d1f3de3ae83dd244c7b2c493821df8e0eda064e' , 'None' , 'None' , 3500014 , '0x1E9939DaaAd6924AD004C2560e90804164900341' , 313768 , '0xA12E87c78fc460a83666D6fE2C71c2b3a45a8ee4' , '3005004591551303700' );
INSERT INTO account VALUES('0x1E9939DaaAd6924AD004C2560e90804164900341',10181106525597627,860924) ON CONFLICT(address)  DO UPDATE SET (address,balance,txcount) = ('0x1E9939DaaAd6924AD004C2560e90804164900341',10181106525597627,860924);

INSERT INTO contract VALUES('0xA12E87c78fc460a83666D6fE2C71c2b3a45a8ee4') ON CONFLICT(address)  DO UPDATE SET address = '0xA12E87c78fc460a83666D6fE2C71c2b3a45a8ee4';

INSERT INTO TX VALUES ( '0x98f6cf0ad0dd503e182935cb3c12aa749f6c35c794e1efcd66aa62fbf069f807' , 3500014 , 'None' , 204320 , 50000 , 20000000000 , 28985 , '0x' , '[]' , '0x00000000000000000000000000000000000000000000000000000000000000000000000000000000000000000000000000000000000000000000000000000000000000000000000000000000000000000000000000000000000000000000000000000000000000000000000000000000000000000000000000000000000000000000000000000000000000000000000000000000000000000000000000000000000000000000000000000000000000000000000000000000000000000000000000000000000000000000000000000000000000000000000000000000000000000000000000000000000000000000000000000000000000000000000000000000' , '0x176c081cf8a2b88c0f0a08b6d1dab9a185db5606bb1e0a275a4d3d1484dbe2d2' , '0x5b61a5d1668963a6d4dc0636a0d440dfa50b2306c50e48267ee42bee9904509d' , -1 , 4 , 37 ,579700000000000);
INSERT INTO Quick VALUES ( '0x98f6cf0ad0dd503e182935cb3c12aa749f6c35c794e1efcd66aa62fbf069f807' , 'None' , 'None' , 3500014 , '0x45083C507882cB7B638F660762B28E2F1A504f73' , 1293 , '0x7727E5113D1d161373623e5f49FD568B4F543a9E' , '594594420300000000000' );
INSERT INTO account VALUES('0x45083C507882cB7B638F660762B28E2F1A504f73',33144013050266959,12128) ON CONFLICT(address)  DO UPDATE SET (address,balance,txcount) = ('0x45083C507882cB7B638F660762B28E2F1A504f73',33144013050266959,12128);

INSERT INTO contract VALUES('0x7727E5113D1d161373623e5f49FD568B4F543a9E') ON CONFLICT(address)  DO UPDATE SET address = '0x7727E5113D1d161373623e5f49FD568B4F543a9E';

INSERT INTO TX VALUES ( '0x9b84848927e725ea1eb3e03ff03e573111a63d36fb25c25d53d865de489d9de2' , 3500014 , 'None' , 225320 , 90000 , 20000000000 , 21000 , '0x' , '[]' , '0x00000000000000000000000000000000000000000000000000000000000000000000000000000000000000000000000000000000000000000000000000000000000000000000000000000000000000000000000000000000000000000000000000000000000000000000000000000000000000000000000000000000000000000000000000000000000000000000000000000000000000000000000000000000000000000000000000000000000000000000000000000000000000000000000000000000000000000000000000000000000000000000000000000000000000000000000000000000000000000000000000000000000000000000000000000000' , '0x265c34a57f326dd7ebd05965b1ff53a85ab6164f40e12b12c5c3148cd163bcf6' , '0x47b603d5b1a3a50d984b7d9d864aa0e70fa7013ad415bf7307e9874226d0be88' , -1 , 5 , 37 ,420000000000000);
INSERT INTO Quick VALUES ( '0x9b84848927e725ea1eb3e03ff03e573111a63d36fb25c25d53d865de489d9de2' , 'None' , 'None' , 3500014 , '0xEA674fdDe714fd979de3EdF0F56AA9716B898ec8' , 1563967 , '0x16BCd0ff3dA9D3edBAf26A9B3A2D31FF5BB924A2' , '1165824771792114200' );
INSERT INTO account VALUES('0xEA674fdDe714fd979de3EdF0F56AA9716B898ec8',750568125887460014945,26650854) ON CONFLICT(address)  DO UPDATE SET (address,balance,txcount) = ('0xEA674fdDe714fd979de3EdF0F56AA9716B898ec8',750568125887460014945,26650854);

INSERT INTO account VALUES('0x16BCd0ff3dA9D3edBAf26A9B3A2D31FF5BB924A2',847771187410682,170) ON CONFLICT(address)  DO UPDATE SET (address,balance,txcount) = ('0x16BCd0ff3dA9D3edBAf26A9B3A2D31FF5BB924A2',847771187410682,170);

INSERT INTO TX VALUES ( '0xf666ada840ed85b5525ca6f0e11e08ea01090eae8bc04a0fc2ac50b18c2b2269' , 3500014 , 'None' , 254305 , 50000 , 20000000000 , 28985 , '0x' , '[]' , '0x00000000000000000000000000000000000000000000000000000000000000000000000000000000000000000000000000000000000000000000000000000000000000000000000000000000000000000000000000000000000000000000000000000000000000000000000000000000000000000000000000000000000000000000000000000000000000000000000000000000000000000000000000000000000000000000000000000000000000000000000000000000000000000000000000000000000000000000000000000000000000000000000000000000000000000000000000000000000000000000000000000000000000000000000000000000' , '0x1f3de6cfb03ad2096cd8001b59921c0d66fb8bc39698fb0055c97c39e9b81a73' , '0x49e55160321c0ffdc4546dbc1e7056871e398aef406a7599c8f174b9948770d8' , -1 , 6 , 37 ,579700000000000);
INSERT INTO Quick VALUES ( '0xf666ada840ed85b5525ca6f0e11e08ea01090eae8bc04a0fc2ac50b18c2b2269' , 'None' , 'None' , 3500014 , '0x31EbfDef452134d432274a6396610d0376EDf141' , 1505 , '0x7727E5113D1d161373623e5f49FD568B4F543a9E' , '1106281038558328800' );
INSERT INTO account VALUES('0x31EbfDef452134d432274a6396610d0376EDf141',49579925639364114,3766) ON CONFLICT(address)  DO UPDATE SET (address,balance,txcount) = ('0x31EbfDef452134d432274a6396610d0376EDf141',49579925639364114,3766);

INSERT INTO contract VALUES('0x7727E5113D1d161373623e5f49FD568B4F543a9E') ON CONFLICT(address)  DO UPDATE SET address = '0x7727E5113D1d161373623e5f49FD568B4F543a9E';

INSERT INTO TX VALUES ( '0x70f0a3bd68f00bdf52bd6de21653eecbeb3052fe8bb113ed1f903220da9de83a' , 3500014 , 'None' , 275305 , 90000 , 20000000000 , 21000 , '0x' , '[]' , '0x00000000000000000000000000000000000000000000000000000000000000000000000000000000000000000000000000000000000000000000000000000000000000000000000000000000000000000000000000000000000000000000000000000000000000000000000000000000000000000000000000000000000000000000000000000000000000000000000000000000000000000000000000000000000000000000000000000000000000000000000000000000000000000000000000000000000000000000000000000000000000000000000000000000000000000000000000000000000000000000000000000000000000000000000000000000' , '0xb38821a45770b5fa2eb5d524d5460570b7ad9188b13c00ef6cce447cb5679aac' , '0x6be5ce62bb0d2ebb158d06331ff915e32a7e3cb8ee92bbaf18faf8241fa3f0ae' , -1 , 7 , 37 ,420000000000000);
INSERT INTO Quick VALUES ( '0x70f0a3bd68f00bdf52bd6de21653eecbeb3052fe8bb113ed1f903220da9de83a' , 'None' , 'None' , 3500014 , '0xEA674fdDe714fd979de3EdF0F56AA9716B898ec8' , 1563968 , '0x184F59Cdb4fB0dE77Bc3B650EBBbb50cf088C0A2' , '496563097572372200' );
INSERT INTO account VALUES('0xEA674fdDe714fd979de3EdF0F56AA9716B898ec8',750568125887460014945,26650854) ON CONFLICT(address)  DO UPDATE SET (address,balance,txcount) = ('0xEA674fdDe714fd979de3EdF0F56AA9716B898ec8',750568125887460014945,26650854);

INSERT INTO account VALUES('0x184F59Cdb4fB0dE77Bc3B650EBBbb50cf088C0A2',3971136399,197) ON CONFLICT(address)  DO UPDATE SET (address,balance,txcount) = ('0x184F59Cdb4fB0dE77Bc3B650EBBbb50cf088C0A2',3971136399,197);

UPDATE block 
 SET totalFee =5.00872178
 WHERE blockNumber = 3500014;INSERT INTO block VALUES ( 3500015 , 175223 , '0x9d71a4ffd6fd8806d5447ae5f522025e79302b3730a3c3ee0a9f14edc74bf9fa' , '0x00000000000000000000000000000002000000000000000000100000000000000000000000000000000000000000000000000000000000000000000000000000000000000000000000000000000000000000000000000000000000000000000000000000000000000000004000000000000000000000000000000000000000000000020000000000000000000000000000000000000000000000000000000100000000000000000000000000000000000000000000000000000000000000000000000000000000000000000000000000000000000000000020000000000000000000000000000000000000000000000000000000000000000000000000000000' , '0x8e311ba005aa5bf7' , '251156641316495' , '0x65746865726d696e65202d20555331' , 4242420 , '0xEA674fdDe714fd979de3EdF0F56AA9716B898ec8' , '0xb9bcc87b63d11cabb7077b71357c4fb78774396d74e878451f3d33288f033097' , '0xe9c0d11767536777dec86e7733a15dc9765fc33ab9b44bc25ea46277bce7cd92' , '0xe550ca7cff69b8bb512990d988225faa9c4618e55e0549d8f21b76d15d446af9' , '0x1dcc4de8dec75d7aab85b567b6ccd41ad312451b948a7413f0a142fd40d49347' , 1190 , '0x46b32360a9c94926e379f0b78d061a66dfeadde315311cd3411f9484017aa985' , 1491667363 , '199309537831975689511' , '0x5a4ab55838524dc8b52134c536e07ccfc30bb1dd52bfb19038d897bc350ce289' , '[]' ,44.339554);
INSERT INTO account VALUES('0xEA674fdDe714fd979de3EdF0F56AA9716B898ec8',750568125887460014945,26650854) ON CONFLICT(address)  DO UPDATE SET (address,balance,txcount) = ('0xEA674fdDe714fd979de3EdF0F56AA9716B898ec8',750568125887460014945,26650854);

INSERT INTO TX VALUES ( '0xe30f3a5d1687bfc0e8031ae56256902dd8c72f92a9353a6668619e3c1b7a122b' , 3500015 , '0xd67BF00484b582118A63Fb567Ce593810e3da077' , 53000 , 90000 , 30000000000 , 53000 , '0x' , '[]' , '0x00000000000000000000000000000000000000000000000000000000000000000000000000000000000000000000000000000000000000000000000000000000000000000000000000000000000000000000000000000000000000000000000000000000000000000000000000000000000000000000000000000000000000000000000000000000000000000000000000000000000000000000000000000000000000000000000000000000000000000000000000000000000000000000000000000000000000000000000000000000000000000000000000000000000000000000000000000000000000000000000000000000000000000000000000000000' , '0x9d5a44dd93ee5212d606a8f7190e92401cddd2cf421bf3195d08e2e0c2966b1c' , '0x0def55ead6e2f64127ddecd0bd08071d29fa294c12e85f7251e65a1ece26da60' , -1 , 0 , 37 ,1590000000000000);
INSERT INTO Quick VALUES ( '0xe30f3a5d1687bfc0e8031ae56256902dd8c72f92a9353a6668619e3c1b7a122b' , 'None' , 'None' , 3500015 , '0xaB11204cfEacCFfa63C2D23AeF2Ea9aCCDB0a0D5' , 19515 , 'None' , '0' );
INSERT INTO account VALUES('0xaB11204cfEacCFfa63C2D23AeF2Ea9aCCDB0a0D5',6142465044456144708,94529) ON CONFLICT(address)  DO UPDATE SET (address,balance,txcount) = ('0xaB11204cfEacCFfa63C2D23AeF2Ea9aCCDB0a0D5',6142465044456144708,94529);


INSERT INTO TX VALUES ( '0x03b1b0a9a4653b8790c8c86c937e2fa3135d7a6a6d8c778695e22824960b6a69' , 3500015 , 'None' , 74000 , 90000 , 20000000000 , 21000 , '0x' , '[]' , '0x00000000000000000000000000000000000000000000000000000000000000000000000000000000000000000000000000000000000000000000000000000000000000000000000000000000000000000000000000000000000000000000000000000000000000000000000000000000000000000000000000000000000000000000000000000000000000000000000000000000000000000000000000000000000000000000000000000000000000000000000000000000000000000000000000000000000000000000000000000000000000000000000000000000000000000000000000000000000000000000000000000000000000000000000000000000' , '0x8327f8f6eb82d2d30fdb96c818824506d740760203cbe26c916c1106fef6c077' , '0x7069423e4a0e6e9b2e8835479ab635d50189d88ddfd995fd8bebe85365ff4abe' , -1 , 1 , 38 ,420000000000000);
INSERT INTO Quick VALUES ( '0x03b1b0a9a4653b8790c8c86c937e2fa3135d7a6a6d8c778695e22824960b6a69' , 'None' , 'None' , 3500015 , '0xEA674fdDe714fd979de3EdF0F56AA9716B898ec8' , 1563969 , '0x25fa3f95d54b5e11d27591eBC2c5a35b8461a9e5' , '1010148012201939500' );
INSERT INTO account VALUES('0xEA674fdDe714fd979de3EdF0F56AA9716B898ec8',750568125887460014945,26650854) ON CONFLICT(address)  DO UPDATE SET (address,balance,txcount) = ('0xEA674fdDe714fd979de3EdF0F56AA9716B898ec8',750568125887460014945,26650854);

INSERT INTO account VALUES('0x25fa3f95d54b5e11d27591eBC2c5a35b8461a9e5',1135109288,521) ON CONFLICT(address)  DO UPDATE SET (address,balance,txcount) = ('0x25fa3f95d54b5e11d27591eBC2c5a35b8461a9e5',1135109288,521);

INSERT INTO TX VALUES ( '0x0cfe53c5951a48d38a46632ce539a28d53409e5b4d7a3a621f654c5699ce4af2' , 3500015 , 'None' , 95000 , 30000 , 20000000000 , 21000 , '0x' , '[]' , '0x00000000000000000000000000000000000000000000000000000000000000000000000000000000000000000000000000000000000000000000000000000000000000000000000000000000000000000000000000000000000000000000000000000000000000000000000000000000000000000000000000000000000000000000000000000000000000000000000000000000000000000000000000000000000000000000000000000000000000000000000000000000000000000000000000000000000000000000000000000000000000000000000000000000000000000000000000000000000000000000000000000000000000000000000000000000' , '0x89396be035ce10b0ffdb9686a4689cb87d9281b75bd44d0e87922e135b7672b4' , '0x1ccd29fa5c02f588d024f1191cdc31f9fcc6a6702f49638fde279317e61c83e0' , -1 , 2 , 28 ,420000000000000);
INSERT INTO Quick VALUES ( '0x0cfe53c5951a48d38a46632ce539a28d53409e5b4d7a3a621f654c5699ce4af2' , 'None' , 'None' , 3500015 , '0x267be1C1D684F78cb4F6a176C4911b741E4Ffdc0' , 52583 , '0x87eb2443fC919a5953269d51cf9269a2DCb0a490' , '52077990000000000000' );
INSERT INTO account VALUES('0x267be1C1D684F78cb4F6a176C4911b741E4Ffdc0',118992919522160838457624,1309677) ON CONFLICT(address)  DO UPDATE SET (address,balance,txcount) = ('0x267be1C1D684F78cb4F6a176C4911b741E4Ffdc0',118992919522160838457624,1309677);

INSERT INTO account VALUES('0x87eb2443fC919a5953269d51cf9269a2DCb0a490',26555520000000000000,4) ON CONFLICT(address)  DO UPDATE SET (address,balance,txcount) = ('0x87eb2443fC919a5953269d51cf9269a2DCb0a490',26555520000000000000,4);

INSERT INTO TX VALUES ( '0x4c4c4bd2c4a8c8fca92be0c525b1e19da816bbd3f91e2d3809707a24e19cb16b' , 3500015 , 'None' , 116000 , 30000 , 20000000000 , 21000 , '0x' , '[]' , '0x00000000000000000000000000000000000000000000000000000000000000000000000000000000000000000000000000000000000000000000000000000000000000000000000000000000000000000000000000000000000000000000000000000000000000000000000000000000000000000000000000000000000000000000000000000000000000000000000000000000000000000000000000000000000000000000000000000000000000000000000000000000000000000000000000000000000000000000000000000000000000000000000000000000000000000000000000000000000000000000000000000000000000000000000000000000' , '0x93796b56d0fd5dfad0e0cc20fdf680d012173671ba0b512c9d8b0e13415abc77' , '0x629f9ae7b0e4a1fd91f915d69d69971c818bb6c8ef21782e4097092274de1cab' , -1 , 3 , 27 ,420000000000000);
INSERT INTO Quick VALUES ( '0x4c4c4bd2c4a8c8fca92be0c525b1e19da816bbd3f91e2d3809707a24e19cb16b' , 'None' , 'None' , 3500015 , '0x267be1C1D684F78cb4F6a176C4911b741E4Ffdc0' , 52584 , '0x00a3eBACB6D7c9D4EAB89F1D709E1c8dE70549BC' , '52995000000000000000' );
INSERT INTO account VALUES('0x267be1C1D684F78cb4F6a176C4911b741E4Ffdc0',118992919522160838457624,1309677) ON CONFLICT(address)  DO UPDATE SET (address,balance,txcount) = ('0x267be1C1D684F78cb4F6a176C4911b741E4Ffdc0',118992919522160838457624,1309677);

INSERT INTO account VALUES('0x00a3eBACB6D7c9D4EAB89F1D709E1c8dE70549BC',591689342614576,3) ON CONFLICT(address)  DO UPDATE SET (address,balance,txcount) = ('0x00a3eBACB6D7c9D4EAB89F1D709E1c8dE70549BC',591689342614576,3);

INSERT INTO TX VALUES ( '0xe9338e23e247eb792900d28da893deb254bcee6caf34f57b1aecf9cb65dc3072' , 3500015 , 'None' , 137000 , 90000 , 20000000000 , 21000 , '0x' , '[]' , '0x00000000000000000000000000000000000000000000000000000000000000000000000000000000000000000000000000000000000000000000000000000000000000000000000000000000000000000000000000000000000000000000000000000000000000000000000000000000000000000000000000000000000000000000000000000000000000000000000000000000000000000000000000000000000000000000000000000000000000000000000000000000000000000000000000000000000000000000000000000000000000000000000000000000000000000000000000000000000000000000000000000000000000000000000000000000' , '0xc13b5b6001fed35357e6752e6df5313b06e02c2060235c0fda42f480a8f378b4' , '0x12663f7e069b089fe9093b39006b8b55de4c00b5aa6e98f31f65cdfa39b2c4d3' , -1 , 4 , 38 ,420000000000000);
INSERT INTO Quick VALUES ( '0xe9338e23e247eb792900d28da893deb254bcee6caf34f57b1aecf9cb65dc3072' , 'None' , 'None' , 3500015 , '0xEA674fdDe714fd979de3EdF0F56AA9716B898ec8' , 1563970 , '0x29Df130F579fd50FdfA00F897Eb5D87bD72383bF' , '105341112237188590' );
INSERT INTO account VALUES('0xEA674fdDe714fd979de3EdF0F56AA9716B898ec8',751788104419381830679,26650868) ON CONFLICT(address)  DO UPDATE SET (address,balance,txcount) = ('0xEA674fdDe714fd979de3EdF0F56AA9716B898ec8',751788104419381830679,26650868);

INSERT INTO account VALUES('0x29Df130F579fd50FdfA00F897Eb5D87bD72383bF',10397700137215274,421) ON CONFLICT(address)  DO UPDATE SET (address,balance,txcount) = ('0x29Df130F579fd50FdfA00F897Eb5D87bD72383bF',10397700137215274,421);

INSERT INTO TX VALUES ( '0x94ba57957d56c38093ef2db8ba454192480e88eaf465778eaeaec5e4fea12519' , 3500015 , 'None' , 175223 , 150000 , 20000000000 , 38223 , '0x' , '[AttributeDict({address: 0x209c4784AB1E8183Cf58cA33cb740efbF3FC18EF, blockHash: HexBytes(0x9d71a4ffd6fd8806d5447ae5f522025e79302b3730a3c3ee0a9f14edc74bf9fa), blockNumber: 3500015, data: 0x00000000000000000000000032be343b94f860124dc4fee278fdcbd38c102d88, logIndex: 0, removed: False, topics: [HexBytes(0x23919512b2162ddc59b67a65e3b03c419d4105366f7d4a632f5d3c3bee9b1cff)], transactionHash: HexBytes(0x94ba57957d56c38093ef2db8ba454192480e88eaf465778eaeaec5e4fea12519), transactionIndex: 5})]' , '0x00000000000000000000000000000002000000000000000000100000000000000000000000000000000000000000000000000000000000000000000000000000000000000000000000000000000000000000000000000000000000000000000000000000000000000000004000000000000000000000000000000000000000000000020000000000000000000000000000000000000000000000000000000100000000000000000000000000000000000000000000000000000000000000000000000000000000000000000000000000000000000000000020000000000000000000000000000000000000000000000000000000000000000000000000000000' , '0x890175d75dd9c7ebe35a59625bcf58fc27b2f3dfa35646d1907811552b61fb1d' , '0x1f5a4e8b1f81f6ff477a1c59ce0c721b88f33d11ff54bde40ee074a61cd12b67' , -1 , 5 , 28 ,764460000000000);
INSERT INTO Quick VALUES ( '0x94ba57957d56c38093ef2db8ba454192480e88eaf465778eaeaec5e4fea12519' , 'None' , 'None' , 3500015 , '0x267be1C1D684F78cb4F6a176C4911b741E4Ffdc0' , 52585 , '0x94E17901b6dFAE329C63edd59447e2882E55Aca6' , '1414100000000000000000' );
INSERT INTO account VALUES('0x267be1C1D684F78cb4F6a176C4911b741E4Ffdc0',118992919522160838457624,1309677) ON CONFLICT(address)  DO UPDATE SET (address,balance,txcount) = ('0x267be1C1D684F78cb4F6a176C4911b741E4Ffdc0',118992919522160838457624,1309677);

INSERT INTO contract VALUES('0x94E17901b6dFAE329C63edd59447e2882E55Aca6') ON CONFLICT(address)  DO UPDATE SET address = '0x94E17901b6dFAE329C63edd59447e2882E55Aca6';

UPDATE block 
 SET totalFee =5.00403446
 WHERE blockNumber = 3500015;INSERT INTO block VALUES ( 3500016 , 399523 , '0x171606de6fdf163c25e4afeedbe3c212365d40940a23cc72912dabd3cfc7fa84' , '0x00000000000008000000000000000000000040000000000000000100000020000000000000000000000400040000000000000000000000004002000000000000000800010000800000004000800080000000000000000000000000000008000001020000000000000000100000000000000000001000000000200000000000000000000000020000000000000000000004000000020000000000000000000000002004000000100000000000000000000000000000000000000000000000000000000000000002000000000000000000000000000000000000120000000100300000000000000000200000000001040000000000000a00000000040000000000' , '0xd63a80340faba6ed' , '251287866329854' , '0x65746865726d696e65202d20455533' , 4246527 , '0xEA674fdDe714fd979de3EdF0F56AA9716B898ec8' , '0xa1abab6af3f1ac7aa75bca47a9f67f9b751b4139b996360f151e5583ec1875dd' , '0x9d71a4ffd6fd8806d5447ae5f522025e79302b3730a3c3ee0a9f14edc74bf9fa' , '0x91cd81767dba2dbcbac246bbf54955bfbccbf4a0731f2790a2610807b2b93851' , '0x1dcc4de8dec75d7aab85b567b6ccd41ad312451b948a7413f0a142fd40d49347' , 1968 , '0x3f04a17a98ff0c2e7366b1d4ea975178a3cb0ebf453197db7654351ea21be18a' , 1491667371 , '199309789119842019365' , '0xc78b5cb4be2fd89c28af5a99aedebe800e0c188ac62bc9d2eaf146b7e8891ff0' , '[]' ,44.339554);
INSERT INTO account VALUES('0xEA674fdDe714fd979de3EdF0F56AA9716B898ec8',751788104419381830679,26650868) ON CONFLICT(address)  DO UPDATE SET (address,balance,txcount) = ('0xEA674fdDe714fd979de3EdF0F56AA9716B898ec8',751788104419381830679,26650868);

INSERT INTO TX VALUES ( '0x2025cab71fa18a874f695648ac193edeb036f4928d6de1de73c80b2e75326078' , 3500016 , 'None' , 33571 , 100000 , 100000000000 , 33571 , '0x0f2c9329000000000000000000000000167a9333bf582556f35bd4d16a7e80e191aa6476000000000000000000000000571b7b69829ce2568b9bc3d32eaf7405dab76b21' , '[]' , '0x00000000000000000000000000000000000000000000000000000000000000000000000000000000000000000000000000000000000000000000000000000000000000000000000000000000000000000000000000000000000000000000000000000000000000000000000000000000000000000000000000000000000000000000000000000000000000000000000000000000000000000000000000000000000000000000000000000000000000000000000000000000000000000000000000000000000000000000000000000000000000000000000000000000000000000000000000000000000000000000000000000000000000000000000000000000' , '0x879c4131485efd16dd5552cb88c79802f87d7d7a6ae03077fe67b1d03a0290c1' , '0x5933aa03e69ef25c6c21903774b8b1c915bdf6e2e09b74c9784c6e3fca55254c' , -1 , 0 , 37 ,3357100000000000);
INSERT INTO Quick VALUES ( '0x2025cab71fa18a874f695648ac193edeb036f4928d6de1de73c80b2e75326078' , 'None' , 'None' , 3500016 , '0xe2d4DCC0252D5ed3B9CEa53A9a289B60992E9ab6' , 25 , '0xaBbb6bEbFA05aA13e908EaA492Bd7a8343760477' , '4004192430000000000' );
INSERT INTO account VALUES('0xe2d4DCC0252D5ed3B9CEa53A9a289B60992E9ab6',13825015000000000,148) ON CONFLICT(address)  DO UPDATE SET (address,balance,txcount) = ('0xe2d4DCC0252D5ed3B9CEa53A9a289B60992E9ab6',13825015000000000,148);

INSERT INTO contract VALUES('0xaBbb6bEbFA05aA13e908EaA492Bd7a8343760477') ON CONFLICT(address)  DO UPDATE SET address = '0xaBbb6bEbFA05aA13e908EaA492Bd7a8343760477';

INSERT INTO TX VALUES ( '0xa17d021246b336e4699cc810dc00ffb752fb5b2144ab32c0726de315b9f9b68f' , 3500016 , 'None' , 54571 , 21000 , 40000000000 , 21000 , '0x' , '[]' , '0x00000000000000000000000000000000000000000000000000000000000000000000000000000000000000000000000000000000000000000000000000000000000000000000000000000000000000000000000000000000000000000000000000000000000000000000000000000000000000000000000000000000000000000000000000000000000000000000000000000000000000000000000000000000000000000000000000000000000000000000000000000000000000000000000000000000000000000000000000000000000000000000000000000000000000000000000000000000000000000000000000000000000000000000000000000000' , '0x138c917ab09fa48eee23abae48f9d98dec5b1edc2846e92a7aaa34a02a5d7083' , '0x7a24baab2d5723cf9d139d956b794e5f5200c45c0a176db2c9fec1c4c4c6f1d0' , -1 , 1 , 37 ,840000000000000);
INSERT INTO Quick VALUES ( '0xa17d021246b336e4699cc810dc00ffb752fb5b2144ab32c0726de315b9f9b68f' , 'None' , 'None' , 3500016 , '0x7eD1E469fCb3EE19C0366D829e291451bE638E59' , 26845 , '0xCFAaBF6d4659b0D968b95a7C9f0F5b0455eE6501' , '80160000000000000' );
INSERT INTO account VALUES('0x7eD1E469fCb3EE19C0366D829e291451bE638E59',9026111881500709554,415878) ON CONFLICT(address)  DO UPDATE SET (address,balance,txcount) = ('0x7eD1E469fCb3EE19C0366D829e291451bE638E59',9026111881500709554,415878);

INSERT INTO account VALUES('0xCFAaBF6d4659b0D968b95a7C9f0F5b0455eE6501',20000000000,1) ON CONFLICT(address)  DO UPDATE SET (address,balance,txcount) = ('0xCFAaBF6d4659b0D968b95a7C9f0F5b0455eE6501',20000000000,1);

INSERT INTO TX VALUES ( '0x02ec703ec5ea7cf11eb23d9565def289e8dda270fcb4dd44057b93201d43c9c9' , 3500016 , 'None' , 75571 , 90000 , 20000000000 , 21000 , '0x' , '[]' , '0x00000000000000000000000000000000000000000000000000000000000000000000000000000000000000000000000000000000000000000000000000000000000000000000000000000000000000000000000000000000000000000000000000000000000000000000000000000000000000000000000000000000000000000000000000000000000000000000000000000000000000000000000000000000000000000000000000000000000000000000000000000000000000000000000000000000000000000000000000000000000000000000000000000000000000000000000000000000000000000000000000000000000000000000000000000000' , '0x9c3fc4650f62216d0b8ab2a852e9d9f2dd9f0f8decf00be18f60f44f6c2d9bac' , '0x794de3927b65e23ed93790d65bc89581eedb6ab91691af9a10e96e0b3da6fb33' , -1 , 2 , 38 ,420000000000000);
INSERT INTO Quick VALUES ( '0x02ec703ec5ea7cf11eb23d9565def289e8dda270fcb4dd44057b93201d43c9c9' , 'None' , 'None' , 3500016 , '0xEA674fdDe714fd979de3EdF0F56AA9716B898ec8' , 1563971 , '0x3D46209f64bF5EB6EcFd2CaDa1F2d26F688Ca753' , '1001242436985775500' );
INSERT INTO account VALUES('0xEA674fdDe714fd979de3EdF0F56AA9716B898ec8',751788104419381830679,26650868) ON CONFLICT(address)  DO UPDATE SET (address,balance,txcount) = ('0xEA674fdDe714fd979de3EdF0F56AA9716B898ec8',751788104419381830679,26650868);

INSERT INTO account VALUES('0x3D46209f64bF5EB6EcFd2CaDa1F2d26F688Ca753',1564200000000000,94) ON CONFLICT(address)  DO UPDATE SET (address,balance,txcount) = ('0x3D46209f64bF5EB6EcFd2CaDa1F2d26F688Ca753',1564200000000000,94);

INSERT INTO TX VALUES ( '0x0f3da2c5d3dc6bef69746119eef8d1a468f374807d6a87839b1e5292b674e994' , 3500016 , 'None' , 108912 , 80000 , 20000000000 , 33341 , '0x0f2c9329000000000000000000000000a0bb4ba19f578a63fa3f67adaf7bbca15ccadc450000000000000000000000003a5527139dabaab84b71f44370e204fd05b6d241' , '[]' , '0x00000000000000000000000000000000000000000000000000000000000000000000000000000000000000000000000000000000000000000000000000000000000000000000000000000000000000000000000000000000000000000000000000000000000000000000000000000000000000000000000000000000000000000000000000000000000000000000000000000000000000000000000000000000000000000000000000000000000000000000000000000000000000000000000000000000000000000000000000000000000000000000000000000000000000000000000000000000000000000000000000000000000000000000000000000000' , '0x2fbdd131aebcbc340a9691858b7eb223609783ce15657790a5072100dd7a3125' , '0x643ea0ca047052a615f0ddb66633e90ef69d1bb9d41ee2b583222966d516cad0' , -1 , 3 , 38 ,666820000000000);
INSERT INTO Quick VALUES ( '0x0f3da2c5d3dc6bef69746119eef8d1a468f374807d6a87839b1e5292b674e994' , 'None' , 'None' , 3500016 , '0xfdF8C36D7121a56E96Ce7B6A78cdcDB0A555a1D6' , 59 , '0xAA1A6e3e6EF20068f7F8d8C835d2D22fd5116444' , '53795813379999995919' );
INSERT INTO account VALUES('0xfdF8C36D7121a56E96Ce7B6A78cdcDB0A555a1D6',0,220) ON CONFLICT(address)  DO UPDATE SET (address,balance,txcount) = ('0xfdF8C36D7121a56E96Ce7B6A78cdcDB0A555a1D6',0,220);

INSERT INTO contract VALUES('0xAA1A6e3e6EF20068f7F8d8C835d2D22fd5116444') ON CONFLICT(address)  DO UPDATE SET address = '0xAA1A6e3e6EF20068f7F8d8C835d2D22fd5116444';

INSERT INTO TX VALUES ( '0x13223647e6688201d57c20d72914f502c4aaaff0f5c88edd24e9414a7928bb2d' , 3500016 , 'None' , 129912 , 39000 , 20000000000 , 21000 , '0x' , '[]' , '0x00000000000000000000000000000000000000000000000000000000000000000000000000000000000000000000000000000000000000000000000000000000000000000000000000000000000000000000000000000000000000000000000000000000000000000000000000000000000000000000000000000000000000000000000000000000000000000000000000000000000000000000000000000000000000000000000000000000000000000000000000000000000000000000000000000000000000000000000000000000000000000000000000000000000000000000000000000000000000000000000000000000000000000000000000000000' , '0xd4597a939e98c472caaf16e48dc46bb7e0d8cf373028dca9294040c56b82a86e' , '0x08541b3b068d1c0f073bd7aad32b06e4411d9d73996f065d27e2f060f6b6d920' , -1 , 4 , 38 ,420000000000000);
INSERT INTO Quick VALUES ( '0x13223647e6688201d57c20d72914f502c4aaaff0f5c88edd24e9414a7928bb2d' , 'None' , 'None' , 3500016 , '0x1E9939DaaAd6924AD004C2560e90804164900341' , 313769 , '0xD839402Ed59Ab359582C2a68B3de8fFE6AB734Fa' , '1000831524191373000' );
INSERT INTO account VALUES('0x1E9939DaaAd6924AD004C2560e90804164900341',10181106525597627,860924) ON CONFLICT(address)  DO UPDATE SET (address,balance,txcount) = ('0x1E9939DaaAd6924AD004C2560e90804164900341',10181106525597627,860924);

INSERT INTO account VALUES('0xD839402Ed59Ab359582C2a68B3de8fFE6AB734Fa',26300000000700,26) ON CONFLICT(address)  DO UPDATE SET (address,balance,txcount) = ('0xD839402Ed59Ab359582C2a68B3de8fFE6AB734Fa',26300000000700,26);

INSERT INTO TX VALUES ( '0x4894120d0f61e58ab2764ca5179ceb9647d1baec4b3cd850bc71d96b49ebfef0' , 3500016 , 'None' , 195776 , 940000 , 20000000000 , 65864 , '0xe1fa8e84e02facf211ab7ed02152a8d04cc043c798ab0c3f2a93b4d830cab18a32508a18' , '[AttributeDict({address: 0xCD111aa492a9c77a367C36E6D6AF8e6f212E0C8E, blockHash: HexBytes(0x171606de6fdf163c25e4afeedbe3c212365d40940a23cc72912dabd3cfc7fa84), blockNumber: 3500016, data: 0xe02facf211ab7ed02152a8d04cc043c798ab0c3f2a93b4d830cab18a32508a18, logIndex: 0, removed: False, topics: [HexBytes(0x78e4fc71ff7e525b3b4660a76336a2046232fd9bba9c65abb22fa3d07d6e7066)], transactionHash: HexBytes(0x4894120d0f61e58ab2764ca5179ceb9647d1baec4b3cd850bc71d96b49ebfef0), transactionIndex: 5})]' , '0x00000000000000000000000000000000000000000000000000000000000020000000000000000000000000040000000000000000000000000000000000000000000000000000000000000000000000000000000000000000000000000000000001000000000000000000000000000000000000000000000000000000000000000000000000000000000000000000000000000000000000000000000000000000000000000000000000000000000000000000000000000000000000000000000000000000000000000000000000000000000000000000000000120000000000200000000000000000000000000000000000000000000000000000000000000000' , '0x18bf5b2ebb520843d5a3c9b331d6fc203509acfddae745e24c45c02ae861621e' , '0x1b02502e0a54e2f080bec6354afa25637553975e7f418d45cb9287622285e5ae' , -1 , 5 , 28 ,1317280000000000);
INSERT INTO Quick VALUES ( '0x4894120d0f61e58ab2764ca5179ceb9647d1baec4b3cd850bc71d96b49ebfef0' , 'None' , 'None' , 3500016 , '0x00472c1e4275230354dbe5007A5976053f12610a' , 265409 , '0xCD111aa492a9c77a367C36E6D6AF8e6f212E0C8E' , '0' );
INSERT INTO account VALUES('0x00472c1e4275230354dbe5007A5976053f12610a',12528022663650803194,745176) ON CONFLICT(address)  DO UPDATE SET (address,balance,txcount) = ('0x00472c1e4275230354dbe5007A5976053f12610a',12528022663650803194,745176);

INSERT INTO contract VALUES('0xCD111aa492a9c77a367C36E6D6AF8e6f212E0C8E') ON CONFLICT(address)  DO UPDATE SET address = '0xCD111aa492a9c77a367C36E6D6AF8e6f212E0C8E';

INSERT INTO TX VALUES ( '0x9b1d0dad67c4d32574df596084680790fc12ca8e0d233313ee10a0caaac62580' , 3500016 , 'None' , 246147 , 800000 , 20000000000 , 50371 , '0x40c10f19000000000000000000000000bd897c8885b40d014fb7941b3043b21adcc9ca1c0000000000000000000000000000000000000000000000000000000000000014' , '[AttributeDict({address: 0x6D4bB1cb0Ec716dd764c44c6cb1c3E5E552eBdD3, blockHash: HexBytes(0x171606de6fdf163c25e4afeedbe3c212365d40940a23cc72912dabd3cfc7fa84), blockNumber: 3500016, data: 0x0000000000000000000000000000000000000000000000000000000000000014, logIndex: 1, removed: False, topics: [HexBytes(0xab8530f87dc9b59234c4623bf917212bb2536d647574c8e7e5da92c2ede0c9f8), HexBytes(0x00000000000000000000000000269400181f1b379784bd8cdf786bb20e91bdef), HexBytes(0x000000000000000000000000bd897c8885b40d014fb7941b3043b21adcc9ca1c)], transactionHash: HexBytes(0x9b1d0dad67c4d32574df596084680790fc12ca8e0d233313ee10a0caaac62580), transactionIndex: 6})]' , '0x00000000000000000000000000000000000000000000000000000100000000000000000000000000000000000000000000000000000000000000000000000000000000000000000000000000800080000000000000000000000000000000000000020000000000000000000000000000000000001000000000000000000000000000000000000000000000000000000000000000020000000000000000000000000000000000000000000000000000000000000000000000000000000000000000000000000002000000000000000000000000000000000000000000000100100000000000000000000000000001000000000000000800000000040000000000' , '0x4eaec629cb71c66cb81fa5a57fdf3d8e26be10b47c5b58936810970f21abad31' , '0x312add92e989534ffeb7054065514dfeaba28b1df75119e95aee3f61a45852be' , -1 , 6 , 38 ,1007420000000000);
INSERT INTO Quick VALUES ( '0x9b1d0dad67c4d32574df596084680790fc12ca8e0d233313ee10a0caaac62580' , 'None' , 'None' , 3500016 , '0x00269400181f1B379784BD8cDF786bb20e91Bdef' , 69 , '0x6D4bB1cb0Ec716dd764c44c6cb1c3E5E552eBdD3' , '0' );
INSERT INTO account VALUES('0x00269400181f1B379784BD8cDF786bb20e91Bdef',1033536141335814000,103) ON CONFLICT(address)  DO UPDATE SET (address,balance,txcount) = ('0x00269400181f1B379784BD8cDF786bb20e91Bdef',1033536141335814000,103);

INSERT INTO contract VALUES('0x6D4bB1cb0Ec716dd764c44c6cb1c3E5E552eBdD3') ON CONFLICT(address)  DO UPDATE SET address = '0x6D4bB1cb0Ec716dd764c44c6cb1c3E5E552eBdD3';

INSERT INTO TX VALUES ( '0xcb5faee90cde998b4ff34931a6e6d334d441532b7841bcd1fe8f53085625116e' , 3500016 , 'None' , 298887 , 127583 , 20000000000 , 52740 , '0x665bcc32000000000000000000000000000000000000000000000000000000000000004000000000000000000000000000000000000000000000000000000000000000000000000000000000000000000000000000000000000000000000000000000001000000000000000000000000000000000000000000000000000000000000038c' , '[AttributeDict({address: 0xDfC328c19C8De45ac0117f836646378c10e0CdA3, blockHash: HexBytes(0x171606de6fdf163c25e4afeedbe3c212365d40940a23cc72912dabd3cfc7fa84), blockNumber: 3500016, data: 0x000000000000000000000000a3bc6b0d2347f06253cb6ecce6bf65eed4d9da210000000000000000000000000000000000000000000000000000000000000002000000000000000000000000000000000000000000000000000000000000038c, logIndex: 2, removed: False, topics: [HexBytes(0x38a332eb3aa0f3c1f4139e60234dbd0ad329da0a423413df4ca5936f2f733d81)], transactionHash: HexBytes(0xcb5faee90cde998b4ff34931a6e6d334d441532b7841bcd1fe8f53085625116e), transactionIndex: 7})]' , '0x00000000000000000000000000000000000000000000000000000000000000000000000000000000000400040000000000000000000000000000000000000000000000000000800000000000000000000000000000000000000000000000000000000000000000000000000000000000000000000000000000000000000000000000000000020000000000000000000000000000000000000000000000000000002000000000000000000000000000000000000000000000000000000000000000000000000000000000000000000000000000000000000000000000000000000000000000000000200000000000000000000000000000000000000000000000' , '0x0d262680c969042555dabb276c3f1fc73a63055b64a53aca5d4f92264fdec74f' , '0x5602efc6afddf296e4b34dda2607b8d8d636c00e47f1a9781b0e7a813189b16f' , -1 , 7 , 37 ,1054800000000000);
INSERT INTO Quick VALUES ( '0xcb5faee90cde998b4ff34931a6e6d334d441532b7841bcd1fe8f53085625116e' , 'None' , 'None' , 3500016 , '0xa92D36DC1CA4f505f1886503A0626c4aa8106497' , 5742 , '0xDfC328c19C8De45ac0117f836646378c10e0CdA3' , '0' );
INSERT INTO account VALUES('0xa92D36DC1CA4f505f1886503A0626c4aa8106497',21655322511507833,23507) ON CONFLICT(address)  DO UPDATE SET (address,balance,txcount) = ('0xa92D36DC1CA4f505f1886503A0626c4aa8106497',21655322511507833,23507);

INSERT INTO contract VALUES('0xDfC328c19C8De45ac0117f836646378c10e0CdA3') ON CONFLICT(address)  DO UPDATE SET address = '0xDfC328c19C8De45ac0117f836646378c10e0CdA3';

INSERT INTO TX VALUES ( '0xe0aca1a3b05a4551a8d345770d0deb1888609ea7d4bce5591e9553063b673af0' , 3500016 , 'None' , 399523 , 120763 , 20000000000 , 100636 , '0x29cbdc8600000000000000000000000000b851eda9a38498f477fc4c4c41ff92bbd4ec77ffffffffffffffffffffffffffffffffffffffffffffffffffffffffffffffff' , '[AttributeDict({address: 0x0b8D56c26D8CF16FE1BdDf4967753503d974DE06, blockHash: HexBytes(0x171606de6fdf163c25e4afeedbe3c212365d40940a23cc72912dabd3cfc7fa84), blockNumber: 3500016, data: 0x, logIndex: 3, removed: False, topics: [HexBytes(0x689dcb02b6a65e0e2f1d23ef47c1ec86604ffbed0bcb65f20150cfc7d5e5a948), HexBytes(0x00000000000000000000000000b851eda9a38498f477fc4c4c41ff92bbd4ec77), HexBytes(0x00000000000000000000000000000000000000000000000000470de4df820000), HexBytes(0x00000000000000000000000000000000000000000000000000000000000186a0)], transactionHash: HexBytes(0xe0aca1a3b05a4551a8d345770d0deb1888609ea7d4bce5591e9553063b673af0), transactionIndex: 8})]' , '0x00000000000008000000000000000000000040000000000000000000000000000000000000000000000000000000000000000000000000004002000000000000000800010000000000004000000000000000000000000000000000000008000000000000000000000000100000000000000000000000000000200000000000000000000000000000000000000000000004000000000000000000000000000000000004000000100000000000000000000000000000000000000000000000000000000000000000000000000000000000000000000000000000000000000000000000000000000000000000000000040000000000000200000000000000000000' , '0x38018b0a0523b474abb89042d63c6f86fabdf8788c30d52d06ea6748db07e708' , '0x24f579d92d1ae7ca928a584af05c926748a662a9abc93bb1193c7516ee811f8c' , -1 , 8 , 37 ,2012720000000000);
INSERT INTO Quick VALUES ( '0xe0aca1a3b05a4551a8d345770d0deb1888609ea7d4bce5591e9553063b673af0' , 'None' , 'None' , 3500016 , '0x00b851EDA9A38498F477fC4C4C41ff92BBD4eC77' , 4 , '0x0b8D56c26D8CF16FE1BdDf4967753503d974DE06' , '2000000000000000' );
INSERT INTO account VALUES('0x00b851EDA9A38498F477fC4C4C41ff92BBD4eC77',0,168) ON CONFLICT(address)  DO UPDATE SET (address,balance,txcount) = ('0x00b851EDA9A38498F477fC4C4C41ff92BBD4eC77',0,168);

INSERT INTO contract VALUES('0x0b8D56c26D8CF16FE1BdDf4967753503d974DE06') ON CONFLICT(address)  DO UPDATE SET address = '0x0b8D56c26D8CF16FE1BdDf4967753503d974DE06';

UPDATE block 
 SET totalFee =5.01109614
 WHERE blockNumber = 3500016;INSERT INTO block VALUES ( 3500017 , 401414 , '0x9e9a161edeff4fe42c29c36b0565ceee45a03eabf44b88dede5b8fa80a917f90' , '0x000010000000000040000000000000100002000024000000000000000000008004080000000000000004000c0080000008000000000000000000000000000000001000400000020000000008000000004001000000004000000000000000000000000000000000000000010000000000000000000000000000000010880000000000000000000000000000000000020000000000000000001000000000000000000000080000004080000000000000000000000000000000020000000400000000000002000000000000000000000000000000000000000000000000000000000000000000100000a00000000000000000000000400000000000000000000001' , '0xb2a9f470092fb1cd' , '251296456264446' , '0x65746865726d696e65202d20455531' , 4242383 , '0xEA674fdDe714fd979de3EdF0F56AA9716B898ec8' , '0xbb7e2afbc8151910922e411e1147cdf1eef5507325a5e0601dce0433a92a55e1' , '0x171606de6fdf163c25e4afeedbe3c212365d40940a23cc72912dabd3cfc7fa84' , '0x322d9ba57241b5669cce581f1551a4160c2efdff32a2c10284a110786e17a929' , '0x1dcc4de8dec75d7aab85b567b6ccd41ad312451b948a7413f0a142fd40d49347' , 1884 , '0x43452a803ec9212684268b4195d8e0b51668e0a13e81cc928f7d485ff130b7ea' , 1491667385 , '199310040416298283811' , '0x09d7517ad9456dbab26ca27802abcea05b05db9d2488a065bd49e8441ec487d0' , '[]' ,44.339554);
INSERT INTO account VALUES('0xEA674fdDe714fd979de3EdF0F56AA9716B898ec8',751788104419381830679,26650868) ON CONFLICT(address)  DO UPDATE SET (address,balance,txcount) = ('0xEA674fdDe714fd979de3EdF0F56AA9716B898ec8',751788104419381830679,26650868);

INSERT INTO TX VALUES ( '0xc45ac1d9c71f744e4fd2d69a9ec36dd47c4b35eb1ccee83c731a8cd6baafa591' , 3500017 , 'None' , 33571 , 100000 , 100000000000 , 33571 , '0x0f2c9329000000000000000000000000167a9333bf582556f35bd4d16a7e80e191aa6476000000000000000000000000571b7b69829ce2568b9bc3d32eaf7405dab76b21' , '[]' , '0x00000000000000000000000000000000000000000000000000000000000000000000000000000000000000000000000000000000000000000000000000000000000000000000000000000000000000000000000000000000000000000000000000000000000000000000000000000000000000000000000000000000000000000000000000000000000000000000000000000000000000000000000000000000000000000000000000000000000000000000000000000000000000000000000000000000000000000000000000000000000000000000000000000000000000000000000000000000000000000000000000000000000000000000000000000000' , '0x6d0d48cc8bc6bab7cfb4d9efdf04e6fdb2a9f55de189057f64c2934ce046e659' , '0x1c26e2d39a722f744845d69ac5124114cbe5bafca3bdcc80ad043c0183b83ecd' , -1 , 0 , 37 ,3357100000000000);
INSERT INTO Quick VALUES ( '0xc45ac1d9c71f744e4fd2d69a9ec36dd47c4b35eb1ccee83c731a8cd6baafa591' , 'None' , 'None' , 3500017 , '0x29abe092b6A20c93369cCBF63161C1F934DDD2E5' , 8 , '0xaBbb6bEbFA05aA13e908EaA492Bd7a8343760477' , '189996642900000030000' );
INSERT INTO account VALUES('0x29abe092b6A20c93369cCBF63161C1F934DDD2E5',11642899999990000,13) ON CONFLICT(address)  DO UPDATE SET (address,balance,txcount) = ('0x29abe092b6A20c93369cCBF63161C1F934DDD2E5',11642899999990000,13);

INSERT INTO contract VALUES('0xaBbb6bEbFA05aA13e908EaA492Bd7a8343760477') ON CONFLICT(address)  DO UPDATE SET address = '0xaBbb6bEbFA05aA13e908EaA492Bd7a8343760477';

INSERT INTO TX VALUES ( '0xeaeb58d3a015e2b6f5bb9090937af87bb390fa0aece29090199a05da90dae6ca' , 3500017 , 'None' , 54571 , 21000 , 21000000000 , 21000 , '0x' , '[]' , '0x00000000000000000000000000000000000000000000000000000000000000000000000000000000000000000000000000000000000000000000000000000000000000000000000000000000000000000000000000000000000000000000000000000000000000000000000000000000000000000000000000000000000000000000000000000000000000000000000000000000000000000000000000000000000000000000000000000000000000000000000000000000000000000000000000000000000000000000000000000000000000000000000000000000000000000000000000000000000000000000000000000000000000000000000000000000' , '0x3d6e95180f4001ae8fbd399838076b20e50bfb71877a718ecc5c7fcbb0eaf334' , '0x48ecb3d13df734e4eb9cb7eee47608d6b7c21acf35af0a00f36226ff5e6fa964' , -1 , 1 , 28 ,441000000000000);
INSERT INTO Quick VALUES ( '0xeaeb58d3a015e2b6f5bb9090937af87bb390fa0aece29090199a05da90dae6ca' , 'None' , 'None' , 3500017 , '0x2C2D634F79fbda1ae5D1651853BB3d25F18Dab24' , 1 , '0x4985B65BBCE05404A72A20C68c047Aba59fa2EC2' , '881999999991808' );
INSERT INTO account VALUES('0x2C2D634F79fbda1ae5D1651853BB3d25F18Dab24',0,9) ON CONFLICT(address)  DO UPDATE SET (address,balance,txcount) = ('0x2C2D634F79fbda1ae5D1651853BB3d25F18Dab24',0,9);

INSERT INTO account VALUES('0x4985B65BBCE05404A72A20C68c047Aba59fa2EC2',559839000000000,19) ON CONFLICT(address)  DO UPDATE SET (address,balance,txcount) = ('0x4985B65BBCE05404A72A20C68c047Aba59fa2EC2',559839000000000,19);

INSERT INTO TX VALUES ( '0x6f264138bd73d437a4c8e6baafc11d7cae2d270fb38722c0dc6ef03f4bedf8e2' , 3500017 , 'None' , 106836 , 57492 , 20140632702 , 52265 , '0xa9059cbb000000000000000000000000457150dda5763b9c2c1609edbd82edee0c84617c0000000000000000000000000000000000000000000000000000000165a0bc00' , '[AttributeDict({address: 0x245663Af5561Dea23775f5feEB8f59500920B857, blockHash: HexBytes(0x9e9a161edeff4fe42c29c36b0565ceee45a03eabf44b88dede5b8fa80a917f90), blockNumber: 3500017, data: 0x0000000000000000000000000000000000000000000000000000000165a0bc00, logIndex: 0, removed: False, topics: [HexBytes(0xddf252ad1be2c89b69c2b068fc378daa952ba7f163c4a11628f55a4df523b3ef), HexBytes(0x00000000000000000000000054016774562444d207dfb7b3de7aa60718b34dcf), HexBytes(0x000000000000000000000000457150dda5763b9c2c1609edbd82edee0c84617c)], transactionHash: HexBytes(0x6f264138bd73d437a4c8e6baafc11d7cae2d270fb38722c0dc6ef03f4bedf8e2), transactionIndex: 2})]' , '0x00000000000000000000000000000010000000000000000000000000000000000408000000000000000000000000000000000000000000000000000000000000001000400000000000000008000000000000000000000000000000000000000000000000000000000000000000000000000000000000000000000010000000000000000000000000000000000000000000000000000000001000000000000000000000000000000000000000000000000000000000000000000000000400000000000002000000000000000000000000000000000000000000000000000000000000000000000000800000000000000000000000000000000000000000000001' , '0x080e1d92e6ef286dd0e305e8b36ad5fa05a97a10194dbecb1e546c370e0af24e' , '0x10297eebcd9fd33f4b1493f7db878595ce4e0e6e3fcafbb2a6c2b364bd42c640' , -1 , 2 , 37 ,1052650168170030);
INSERT INTO Quick VALUES ( '0x6f264138bd73d437a4c8e6baafc11d7cae2d270fb38722c0dc6ef03f4bedf8e2' , 'None' , 'None' , 3500017 , '0x54016774562444D207Dfb7B3dE7aA60718b34DCf' , 1 , '0x245663Af5561Dea23775f5feEB8f59500920B857' , '0' );
INSERT INTO account VALUES('0x54016774562444D207Dfb7B3dE7aA60718b34DCf',178196462481013,180) ON CONFLICT(address)  DO UPDATE SET (address,balance,txcount) = ('0x54016774562444D207Dfb7B3dE7aA60718b34DCf',178196462481013,180);

INSERT INTO contract VALUES('0x245663Af5561Dea23775f5feEB8f59500920B857') ON CONFLICT(address)  DO UPDATE SET address = '0x245663Af5561Dea23775f5feEB8f59500920B857';

INSERT INTO TX VALUES ( '0x0afef2029e0911a4a761e5e09d906ab61d4da552e576c443191e5fd754b613d2' , 3500017 , 'None' , 127836 , 25000 , 20000000000 , 21000 , '0x' , '[]' , '0x00000000000000000000000000000000000000000000000000000000000000000000000000000000000000000000000000000000000000000000000000000000000000000000000000000000000000000000000000000000000000000000000000000000000000000000000000000000000000000000000000000000000000000000000000000000000000000000000000000000000000000000000000000000000000000000000000000000000000000000000000000000000000000000000000000000000000000000000000000000000000000000000000000000000000000000000000000000000000000000000000000000000000000000000000000000' , '0x4a171762aa4808533a4870c5b8cb5c45a010051291adb33ae680adb6ff9597bd' , '0x319eb371f0d8c34a248cbfa1f6246aaee60de3c227651774e992623dc832360e' , -1 , 3 , 37 ,420000000000000);
INSERT INTO Quick VALUES ( '0x0afef2029e0911a4a761e5e09d906ab61d4da552e576c443191e5fd754b613d2' , 'None' , 'None' , 3500017 , '0x96338149E9f6c262D4CB7aeec1CF4c652079a11C' , 24630 , '0x5A79db99eE0EB40018970Ce4792B8e96b36c3402' , '3945182190000000000' );
INSERT INTO account VALUES('0x96338149E9f6c262D4CB7aeec1CF4c652079a11C',17760098920743638518,53702) ON CONFLICT(address)  DO UPDATE SET (address,balance,txcount) = ('0x96338149E9f6c262D4CB7aeec1CF4c652079a11C',17760098920743638518,53702);

INSERT INTO account VALUES('0x5A79db99eE0EB40018970Ce4792B8e96b36c3402',21632,200) ON CONFLICT(address)  DO UPDATE SET (address,balance,txcount) = ('0x5A79db99eE0EB40018970Ce4792B8e96b36c3402',21632,200);

INSERT INTO TX VALUES ( '0x173673e4a293af2c2921b33ceab0bfdc3be1a737e4ebc1b76b22c718d5f1a7e1' , 3500017 , 'None' , 148836 , 90000 , 20000000000 , 21000 , '0x' , '[]' , '0x00000000000000000000000000000000000000000000000000000000000000000000000000000000000000000000000000000000000000000000000000000000000000000000000000000000000000000000000000000000000000000000000000000000000000000000000000000000000000000000000000000000000000000000000000000000000000000000000000000000000000000000000000000000000000000000000000000000000000000000000000000000000000000000000000000000000000000000000000000000000000000000000000000000000000000000000000000000000000000000000000000000000000000000000000000000' , '0x7510e7c3ca4eb56e3c5d55062fbe08f58dba017f3bc3b2333307777036288ecd' , '0x5826b3625c03614033dc00fc8505f4e50b301c318934c0bd60b52fa9873cb120' , -1 , 4 , 37 ,420000000000000);
INSERT INTO Quick VALUES ( '0x173673e4a293af2c2921b33ceab0bfdc3be1a737e4ebc1b76b22c718d5f1a7e1' , 'None' , 'None' , 3500017 , '0xEA674fdDe714fd979de3EdF0F56AA9716B898ec8' , 1563972 , '0x3eFF861C4005443384AB1C59F1d450D7D4103aD4' , '1003010313023309400' );
INSERT INTO account VALUES('0xEA674fdDe714fd979de3EdF0F56AA9716B898ec8',751788104419381830679,26650868) ON CONFLICT(address)  DO UPDATE SET (address,balance,txcount) = ('0xEA674fdDe714fd979de3EdF0F56AA9716B898ec8',751788104419381830679,26650868);

INSERT INTO account VALUES('0x3eFF861C4005443384AB1C59F1d450D7D4103aD4',6256800000000000,1822) ON CONFLICT(address)  DO UPDATE SET (address,balance,txcount) = ('0x3eFF861C4005443384AB1C59F1d450D7D4103aD4',6256800000000000,1822);

INSERT INTO TX VALUES ( '0x22731da386817415c0bbba900c79f0573ed958e6613c8260c192b1d65ee53e84' , 3500017 , 'None' , 169836 , 39000 , 20000000000 , 21000 , '0x' , '[]' , '0x00000000000000000000000000000000000000000000000000000000000000000000000000000000000000000000000000000000000000000000000000000000000000000000000000000000000000000000000000000000000000000000000000000000000000000000000000000000000000000000000000000000000000000000000000000000000000000000000000000000000000000000000000000000000000000000000000000000000000000000000000000000000000000000000000000000000000000000000000000000000000000000000000000000000000000000000000000000000000000000000000000000000000000000000000000000' , '0x76ae9248d979599d75c3ac2dc8f9a337a077f11970a1e2ffd7bd300481f79bf5' , '0x4e89df28b8f433e90db44bd49145eae160363158637c677b315a781a98b1288f' , -1 , 5 , 38 ,420000000000000);
INSERT INTO Quick VALUES ( '0x22731da386817415c0bbba900c79f0573ed958e6613c8260c192b1d65ee53e84' , 'None' , 'None' , 3500017 , '0x1E9939DaaAd6924AD004C2560e90804164900341' , 313770 , '0xe19fFB70E148A76d26698036A9fFD22057967D1b' , '1005093412256226000' );
INSERT INTO account VALUES('0x1E9939DaaAd6924AD004C2560e90804164900341',10181106525597627,860924) ON CONFLICT(address)  DO UPDATE SET (address,balance,txcount) = ('0x1E9939DaaAd6924AD004C2560e90804164900341',10181106525597627,860924);

INSERT INTO account VALUES('0xe19fFB70E148A76d26698036A9fFD22057967D1b',1210209427664278773990,257) ON CONFLICT(address)  DO UPDATE SET (address,balance,txcount) = ('0xe19fFB70E148A76d26698036A9fFD22057967D1b',1210209427664278773990,257);

INSERT INTO TX VALUES ( '0x7e563d714d5622914dad860ef7e25f0f4df0fefab35c9a2fb0200dd934ddd836' , 3500017 , 'None' , 190836 , 90000 , 20000000000 , 21000 , '0x' , '[]' , '0x00000000000000000000000000000000000000000000000000000000000000000000000000000000000000000000000000000000000000000000000000000000000000000000000000000000000000000000000000000000000000000000000000000000000000000000000000000000000000000000000000000000000000000000000000000000000000000000000000000000000000000000000000000000000000000000000000000000000000000000000000000000000000000000000000000000000000000000000000000000000000000000000000000000000000000000000000000000000000000000000000000000000000000000000000000000' , '0xd17b694c4e017cd19ae6a00eeba73443ef5e9c480ab69ce35bf7af36a785ee85' , '0x2a11e4f4286ba3cafcb87ee46656c9ff1971587807a5396a3c66a7e736c0c42d' , -1 , 6 , 38 ,420000000000000);
INSERT INTO Quick VALUES ( '0x7e563d714d5622914dad860ef7e25f0f4df0fefab35c9a2fb0200dd934ddd836' , 'None' , 'None' , 3500017 , '0x8eddDcD967F6Cb68b6Fb863d5a9054E799112fcE' , 0 , '0x5D7B1aBaf90395d1Ff52C2658D6a0BC96aa49283' , '23428000000000000000' );
INSERT INTO account VALUES('0x8eddDcD967F6Cb68b6Fb863d5a9054E799112fcE',0,4) ON CONFLICT(address)  DO UPDATE SET (address,balance,txcount) = ('0x8eddDcD967F6Cb68b6Fb863d5a9054E799112fcE',0,4);

INSERT INTO account VALUES('0x5D7B1aBaf90395d1Ff52C2658D6a0BC96aa49283',200000000200704,1) ON CONFLICT(address)  DO UPDATE SET (address,balance,txcount) = ('0x5D7B1aBaf90395d1Ff52C2658D6a0BC96aa49283',200000000200704,1);

INSERT INTO TX VALUES ( '0xcc3047a2ad820aec67c95a5f7f486714eed244fa8f17599ee07a6336e8f6bd42' , 3500017 , 'None' , 213802 , 90000 , 20000000000 , 22966 , '0x' , '[AttributeDict({address: 0xDb628D3530E8CA59C638dD718E4Beb11ac40D6FB, blockHash: HexBytes(0x9e9a161edeff4fe42c29c36b0565ceee45a03eabf44b88dede5b8fa80a917f90), blockNumber: 3500017, data: 0x0000000000000000000000000000000000000000000000008aa39c121a270000, logIndex: 1, removed: False, topics: [HexBytes(0x90890809c654f11d6e72a28fa60149770a0d11ec6c92319d6ceb2bb0a4ea1a15), HexBytes(0x00000000000000000000000069ea6b31ef305d6b99bb2d4c9d99456fa108b02a), HexBytes(0x0000000000000000000000000000000000000000000000000000000000000058)], transactionHash: HexBytes(0xcc3047a2ad820aec67c95a5f7f486714eed244fa8f17599ee07a6336e8f6bd42), transactionIndex: 7})]' , '0x00001000000000004000000000000000000000002400000000000000000000000000000000000000000000000080000008000000000000000000000000000000000000000000020000000000000000000001000000000000000000000000000000000000000000000000000000000000000000000000000000000000800000000000000000000000000000000000020000000000000000000000000000000000000000000000000000000000000000000000000000000000000000000000000000000000000000000000000000000000000000000000000000000000000000000000000000100000000000000000000000000000400000000000000000000000' , '0x0c9513c9361a41a6608d45cea1e482150e59c538c311e05947273cdd11a2f1ba' , '0x321f9d0f29cb4ebe8ac37b3880814d6ebf30144d10ea0861770e4e452f1fc21f' , -1 , 7 , 37 ,459320000000000);
INSERT INTO Quick VALUES ( '0xcc3047a2ad820aec67c95a5f7f486714eed244fa8f17599ee07a6336e8f6bd42' , 'None' , 'None' , 3500017 , '0x69EA6b31ef305d6b99bB2d4c9D99456fA108b02A' , 7248 , '0xDb628D3530E8CA59C638dD718E4Beb11ac40D6FB' , '9990000000000000000' );
INSERT INTO account VALUES('0x69EA6b31ef305d6b99bB2d4c9D99456fA108b02A',3882965663413019000,478082) ON CONFLICT(address)  DO UPDATE SET (address,balance,txcount) = ('0x69EA6b31ef305d6b99bB2d4c9D99456fA108b02A',3882965663413019000,478082);

INSERT INTO contract VALUES('0xDb628D3530E8CA59C638dD718E4Beb11ac40D6FB') ON CONFLICT(address)  DO UPDATE SET address = '0xDb628D3530E8CA59C638dD718E4Beb11ac40D6FB';

INSERT INTO TX VALUES ( '0xd81be06191040016d06698a8254d22cdddc6e74a8e847e04166f6e7acf94cb71' , 3500017 , 'None' , 380414 , 400000 , 20000000000 , 166612 , '0x257bcd6a010000000000000000000000000000000000000000000000000000200000000000000000000000000000000000000000000000000000000000000000000000070000000000000000000000000000000000000000000000000000000000000000' , '[AttributeDict({address: 0xcCeD5B8288086BE8c38E23567e684C3740be4D48, blockHash: HexBytes(0x9e9a161edeff4fe42c29c36b0565ceee45a03eabf44b88dede5b8fa80a917f90), blockNumber: 3500017, data: 0x0000000000000000000000000000000000000000000000000000000194196ad8000000000000000000000000000000000000000000000000011c37937e080000000000000000000000000000000000000000000000000000000000000000009600000000000000000000000000000000000000000000000000000002540be400000000000000000000000000000000000000000000000000000649ce3d40a000, logIndex: 2, removed: False, topics: [HexBytes(0x7d19c7776f05049226f581a23a4df896c65115763d8ec30490658efc4e8649cd), HexBytes(0x000000000000000000000000a3bc6b0d2347f06253cb6ecce6bf65eed4d9da21)], transactionHash: HexBytes(0xd81be06191040016d06698a8254d22cdddc6e74a8e847e04166f6e7acf94cb71), transactionIndex: 8}), AttributeDict({address: 0xDfC328c19C8De45ac0117f836646378c10e0CdA3, blockHash: HexBytes(0x9e9a161edeff4fe42c29c36b0565ceee45a03eabf44b88dede5b8fa80a917f90), blockNumber: 3500017, data: 0x000000000000000000000000000000000000000000000000000000000000038d0000000000000000000000000000000000000000000000000000000194196ad8, logIndex: 3, removed: False, topics: [HexBytes(0x8a0f1e52443beebd562effb53b94f903320af76cbdca2deb2d2bf01cf119d6dc)], transactionHash: HexBytes(0xd81be06191040016d06698a8254d22cdddc6e74a8e847e04166f6e7acf94cb71), transactionIndex: 8})]' , '0x000000000000000000000000000000000002000000000000000000000000008000000000000000000004000c0000000000000000000000000000000000000000000000000000000000000000000000004000000000004000000000000000000000000000000000000000010000000000000000000000000000000000080000000000000000000000000000000000000000000000000000000000000000000000000000080000004080000000000000000000000000000000020000000000000000000000000000000000000000000000000000000000000000000000000000000000000000100000200000000000000000000000000000000000000000000000' , '0xe065608af5140e30838a2f855f9001d1e99a6553122ad5b52a2ee3b2a454f5f9' , '0x60c51e45eaa0de38d6f275a0dee793ad460b0841823bf0dc94b7d6452adb23db' , -1 , 8 , 27 ,3332240000000000);
INSERT INTO Quick VALUES ( '0xd81be06191040016d06698a8254d22cdddc6e74a8e847e04166f6e7acf94cb71' , 'None' , 'None' , 3500017 , '0xA3bc6B0d2347F06253CB6ECce6bF65EED4d9da21' , 33 , '0xDfC328c19C8De45ac0117f836646378c10e0CdA3' , '80000000000000000' );
INSERT INTO account VALUES('0xA3bc6B0d2347F06253CB6ECce6bF65EED4d9da21',1413314754248993,167) ON CONFLICT(address)  DO UPDATE SET (address,balance,txcount) = ('0xA3bc6B0d2347F06253CB6ECce6bF65EED4d9da21',1413314754248993,167);

INSERT INTO contract VALUES('0xDfC328c19C8De45ac0117f836646378c10e0CdA3') ON CONFLICT(address)  DO UPDATE SET address = '0xDfC328c19C8De45ac0117f836646378c10e0CdA3';

INSERT INTO TX VALUES ( '0xdccacbf863cccd59f19506ac4f75aada4073d003629a4b0daa19b37a7fe05e91' , 3500017 , 'None' , 401414 , 21000 , 20000000000 , 21000 , '0x' , '[]' , '0x00000000000000000000000000000000000000000000000000000000000000000000000000000000000000000000000000000000000000000000000000000000000000000000000000000000000000000000000000000000000000000000000000000000000000000000000000000000000000000000000000000000000000000000000000000000000000000000000000000000000000000000000000000000000000000000000000000000000000000000000000000000000000000000000000000000000000000000000000000000000000000000000000000000000000000000000000000000000000000000000000000000000000000000000000000000' , '0xef4dde53deaa5d4bf605dd0983c6a7fc271e14347b4d96f57f80188cc66172e0' , '0x177d59c92893e8213b91a874ec61843d05eabdb087a93599320db6e2c8e64376' , -1 , 9 , 38 ,420000000000000);
INSERT INTO Quick VALUES ( '0xdccacbf863cccd59f19506ac4f75aada4073d003629a4b0daa19b37a7fe05e91' , 'None' , 'None' , 3500017 , '0x9e26E661128a8198B5b3C1b982d516640F1F79DC' , 4 , '0x91337A300e0361BDDb2e377DD4e88CCB7796663D' , '239580000000000000' );
INSERT INTO account VALUES('0x9e26E661128a8198B5b3C1b982d516640F1F79DC',0,19) ON CONFLICT(address)  DO UPDATE SET (address,balance,txcount) = ('0x9e26E661128a8198B5b3C1b982d516640F1F79DC',0,19);

INSERT INTO account VALUES('0x91337A300e0361BDDb2e377DD4e88CCB7796663D',200010439353882,100413) ON CONFLICT(address)  DO UPDATE SET (address,balance,txcount) = ('0x91337A300e0361BDDb2e377DD4e88CCB7796663D',200010439353882,100413);

UPDATE block 
 SET totalFee =5.01074231016817003
 WHERE blockNumber = 3500017;INSERT INTO block VALUES ( 3500018 , 1478131 , '0xbd682e1afe38f04181e2b49f10b994b109855c19d918d4cfd2c078a141d51e75' , '0x00000000000000000000000000000002000000000000000000100000000020000000000000000000000000040000000000000000000000000000000000000000000000000000000000000000000000000000000000000000000000000000000001000000000000000000004000000000000000000000000000000000000000000000020000000000000000000000000000000000000000000000000000000100000000000000000000000000000000000000000000000000000000000000000000000000000000000000000000000000000000000000000020120000000000200000000000000000000000000000000000000000000000000000000000000000' , '0x988748780e01d5a0' , '251427749546823' , '0x657468706f6f6c202d20455531' , 4246490 , '0x4Bb96091Ee9D802ED039C4D1a5f6216F90f81B01' , '0x1affc7ee9323d49339f478094311cac48490e1d77b5c230a1068c46affd9cdf6' , '0x9e9a161edeff4fe42c29c36b0565ceee45a03eabf44b88dede5b8fa80a917f90' , '0xc96ee11d18e6166849ff56f5d19c93d9f1bc98de41491dd403722aa17c818c1e' , '0x1dcc4de8dec75d7aab85b567b6ccd41ad312451b948a7413f0a142fd40d49347' , 2721 , '0xaa107eb82a528b3a19570f90ea09a910e83798ecb54b5c08f601eed12faae884' , 1491667386 , '199310291844047830634' , '0xd3bce8ac392388cd6b14b7aee9f370f3928b996b22471465c80e35eeff6a93ef' , '[]' ,44.339554);
INSERT INTO account VALUES('0x4Bb96091Ee9D802ED039C4D1a5f6216F90f81B01',48932927268397888599,301233) ON CONFLICT(address)  DO UPDATE SET (address,balance,txcount) = ('0x4Bb96091Ee9D802ED039C4D1a5f6216F90f81B01',48932927268397888599,301233);

INSERT INTO TX VALUES ( '0x036890d68e2b2e882929d23e7fa3f86bad0de9d16d9611116ab686e49e2e1ab3' , 3500018 , 'None' , 33571 , 100000 , 100000000000 , 33571 , '0x0f2c9329000000000000000000000000167a9333bf582556f35bd4d16a7e80e191aa6476000000000000000000000000571b7b69829ce2568b9bc3d32eaf7405dab76b21' , '[]' , '0x00000000000000000000000000000000000000000000000000000000000000000000000000000000000000000000000000000000000000000000000000000000000000000000000000000000000000000000000000000000000000000000000000000000000000000000000000000000000000000000000000000000000000000000000000000000000000000000000000000000000000000000000000000000000000000000000000000000000000000000000000000000000000000000000000000000000000000000000000000000000000000000000000000000000000000000000000000000000000000000000000000000000000000000000000000000' , '0xa8f0254ff9427f49ea9a4ae133916d95b4731a5e4528335238c61007b31700bb' , '0x35d6c58fe3e96472081ff08d698a2120e680a34767a9521163684c6b91c37578' , -1 , 0 , 37 ,3357100000000000);
INSERT INTO Quick VALUES ( '0x036890d68e2b2e882929d23e7fa3f86bad0de9d16d9611116ab686e49e2e1ab3' , 'None' , 'None' , 3500018 , '0x0fCa83f639c7D54221158fb14b69Fe723c0F9693' , 34 , '0xaBbb6bEbFA05aA13e908EaA492Bd7a8343760477' , '149996642900000000000' );
INSERT INTO account VALUES('0x0fCa83f639c7D54221158fb14b69Fe723c0F9693',12817885000000000,190) ON CONFLICT(address)  DO UPDATE SET (address,balance,txcount) = ('0x0fCa83f639c7D54221158fb14b69Fe723c0F9693',12817885000000000,190);

INSERT INTO contract VALUES('0xaBbb6bEbFA05aA13e908EaA492Bd7a8343760477') ON CONFLICT(address)  DO UPDATE SET address = '0xaBbb6bEbFA05aA13e908EaA492Bd7a8343760477';

INSERT INTO TX VALUES ( '0x4de966f646eef2d844fc97964175f33ed14927da1ae8d4010030ef8dea6621c4' , 3500018 , 'None' , 1033571 , 1000000 , 25000000000 , 1000000 , '0xa9059cbb0000000000000000000000009e9d1613f966936f74534ba71614350d1d87c4b100000000000000000000000000000000000000000000006c6b7e0a93e0990000' , '[]' , '0x00000000000000000000000000000000000000000000000000000000000000000000000000000000000000000000000000000000000000000000000000000000000000000000000000000000000000000000000000000000000000000000000000000000000000000000000000000000000000000000000000000000000000000000000000000000000000000000000000000000000000000000000000000000000000000000000000000000000000000000000000000000000000000000000000000000000000000000000000000000000000000000000000000000000000000000000000000000000000000000000000000000000000000000000000000000' , '0x6146cd6e360b55d4d990535bd95a7e8dc513cd274489898f532812d25fe5a4c2' , '0x726e1b348c9a2538c608624060b5f3c8ef0623f87acd76c3430413ff1c31a87a' , -1 , 1 , 38 ,25000000000000000);
INSERT INTO Quick VALUES ( '0x4de966f646eef2d844fc97964175f33ed14927da1ae8d4010030ef8dea6621c4' , 'None' , 'None' , 3500018 , '0x94017FEcADC8B380cbcd8acf766EB947a9d8082a' , 415 , '0x37a9679c41e99dB270Bda88DE8FF50c0Cd23f326' , '0' );
INSERT INTO account VALUES('0x94017FEcADC8B380cbcd8acf766EB947a9d8082a',0,2447) ON CONFLICT(address)  DO UPDATE SET (address,balance,txcount) = ('0x94017FEcADC8B380cbcd8acf766EB947a9d8082a',0,2447);

INSERT INTO contract VALUES('0x37a9679c41e99dB270Bda88DE8FF50c0Cd23f326') ON CONFLICT(address)  DO UPDATE SET address = '0x37a9679c41e99dB270Bda88DE8FF50c0Cd23f326';

INSERT INTO TX VALUES ( '0x0487989a3a2ee8638aa6a81bbd700f9c670c3fc647b238a9c57b573428edaf02' , 3500018 , 'None' , 1054571 , 90000 , 20000000000 , 21000 , '0x' , '[]' , '0x00000000000000000000000000000000000000000000000000000000000000000000000000000000000000000000000000000000000000000000000000000000000000000000000000000000000000000000000000000000000000000000000000000000000000000000000000000000000000000000000000000000000000000000000000000000000000000000000000000000000000000000000000000000000000000000000000000000000000000000000000000000000000000000000000000000000000000000000000000000000000000000000000000000000000000000000000000000000000000000000000000000000000000000000000000000' , '0x549dd8f711017d4ccc5f2fd9389ce4af076cf005edbcb2d9b05eb73809d3618d' , '0x6b03671dfa5cec3b946bb6b64dd4f79756a9e7395c031e65a84a507f787d1fe6' , -1 , 2 , 38 ,420000000000000);
INSERT INTO Quick VALUES ( '0x0487989a3a2ee8638aa6a81bbd700f9c670c3fc647b238a9c57b573428edaf02' , 'None' , 'None' , 3500018 , '0xEA674fdDe714fd979de3EdF0F56AA9716B898ec8' , 1563973 , '0x4f6847Cd4A7C4FA95a731834F7b3aaa3fde2c886' , '114633229391937340' );
INSERT INTO account VALUES('0xEA674fdDe714fd979de3EdF0F56AA9716B898ec8',751788104419381830679,26650868) ON CONFLICT(address)  DO UPDATE SET (address,balance,txcount) = ('0xEA674fdDe714fd979de3EdF0F56AA9716B898ec8',751788104419381830679,26650868);

INSERT INTO account VALUES('0x4f6847Cd4A7C4FA95a731834F7b3aaa3fde2c886',13825015000000001,5061) ON CONFLICT(address)  DO UPDATE SET (address,balance,txcount) = ('0x4f6847Cd4A7C4FA95a731834F7b3aaa3fde2c886',13825015000000001,5061);

INSERT INTO TX VALUES ( '0x23ee315de027fe6c6919af1033e0a9ea346e467a9fb08882962e4de7ea29c2c7' , 3500018 , 'None' , 1084987 , 40000 , 20000000000 , 30416 , '0x' , '[AttributeDict({address: 0x209c4784AB1E8183Cf58cA33cb740efbF3FC18EF, blockHash: HexBytes(0xbd682e1afe38f04181e2b49f10b994b109855c19d918d4cfd2c078a141d51e75), blockNumber: 3500018, data: 0x00000000000000000000000032be343b94f860124dc4fee278fdcbd38c102d88, logIndex: 0, removed: False, topics: [HexBytes(0x23919512b2162ddc59b67a65e3b03c419d4105366f7d4a632f5d3c3bee9b1cff)], transactionHash: HexBytes(0x23ee315de027fe6c6919af1033e0a9ea346e467a9fb08882962e4de7ea29c2c7), transactionIndex: 3})]' , '0x00000000000000000000000000000002000000000000000000100000000000000000000000000000000000000000000000000000000000000000000000000000000000000000000000000000000000000000000000000000000000000000000000000000000000000000004000000000000000000000000000000000000000000000020000000000000000000000000000000000000000000000000000000100000000000000000000000000000000000000000000000000000000000000000000000000000000000000000000000000000000000000000020000000000000000000000000000000000000000000000000000000000000000000000000000000' , '0x8dc840b376307aa4868c6bd2c2c2bbc0007b769779ab2862da54e47a5ac6a57e' , '0x1bb4a559693fcc37070b3ae24025032ad36070eb23076d192ac0614e2982da99' , -1 , 3 , 38 ,608320000000000);
INSERT INTO Quick VALUES ( '0x23ee315de027fe6c6919af1033e0a9ea346e467a9fb08882962e4de7ea29c2c7' , 'None' , 'None' , 3500018 , '0x8f4E7F65e833551c7FE4FD2A3bF1a6d6ab988c73' , 1 , '0x209c4784AB1E8183Cf58cA33cb740efbF3FC18EF' , '5999391680000000000' );
INSERT INTO account VALUES('0x8f4E7F65e833551c7FE4FD2A3bF1a6d6ab988c73',705667690376128,4) ON CONFLICT(address)  DO UPDATE SET (address,balance,txcount) = ('0x8f4E7F65e833551c7FE4FD2A3bF1a6d6ab988c73',705667690376128,4);

INSERT INTO contract VALUES('0x209c4784AB1E8183Cf58cA33cb740efbF3FC18EF') ON CONFLICT(address)  DO UPDATE SET address = '0x209c4784AB1E8183Cf58cA33cb740efbF3FC18EF';

INSERT INTO TX VALUES ( '0x244c7111fefb43e1c11a27fde4fe7e3f7235fc7d59485866c059e0c517a1e6a8' , 3500018 , 'None' , 1105987 , 21000 , 20000000000 , 21000 , '0x' , '[]' , '0x00000000000000000000000000000000000000000000000000000000000000000000000000000000000000000000000000000000000000000000000000000000000000000000000000000000000000000000000000000000000000000000000000000000000000000000000000000000000000000000000000000000000000000000000000000000000000000000000000000000000000000000000000000000000000000000000000000000000000000000000000000000000000000000000000000000000000000000000000000000000000000000000000000000000000000000000000000000000000000000000000000000000000000000000000000000' , '0x6f374035ca2166bb9f86d31b18db3666f729499e5b444923148cf56d85444535' , '0x4c78b329fffcfa7e3a5b332dffcb25078eeab715f1f42bf269c231c3cfb0944d' , -1 , 4 , 38 ,420000000000000);
INSERT INTO Quick VALUES ( '0x244c7111fefb43e1c11a27fde4fe7e3f7235fc7d59485866c059e0c517a1e6a8' , 'None' , 'None' , 3500018 , '0x258c07D9d31aDe6248c5319B39729BbB68cCA163' , 0 , '0x6052c48c4EFD71738c1CcB2C939dd45C8acfbe6a' , '2038380000000000000' );
INSERT INTO account VALUES('0x258c07D9d31aDe6248c5319B39729BbB68cCA163',0,1) ON CONFLICT(address)  DO UPDATE SET (address,balance,txcount) = ('0x258c07D9d31aDe6248c5319B39729BbB68cCA163',0,1);

INSERT INTO account VALUES('0x6052c48c4EFD71738c1CcB2C939dd45C8acfbe6a',0,3) ON CONFLICT(address)  DO UPDATE SET (address,balance,txcount) = ('0x6052c48c4EFD71738c1CcB2C939dd45C8acfbe6a',0,3);

INSERT INTO TX VALUES ( '0x48e1c39f61df136b6802bdbf9e7068952b80757108aebc75977b68d9e8832d66' , 3500018 , 'None' , 1126987 , 21000 , 20000000000 , 21000 , '0x' , '[]' , '0x00000000000000000000000000000000000000000000000000000000000000000000000000000000000000000000000000000000000000000000000000000000000000000000000000000000000000000000000000000000000000000000000000000000000000000000000000000000000000000000000000000000000000000000000000000000000000000000000000000000000000000000000000000000000000000000000000000000000000000000000000000000000000000000000000000000000000000000000000000000000000000000000000000000000000000000000000000000000000000000000000000000000000000000000000000000' , '0x6857bc565db8009ee5837f23913d556e31d47849d5f17f1a2fd63a5df712f88c' , '0x64e7c59951eca644c9849ad02caaa70dbf981bd04ff870584cfcd1279316f552' , -1 , 5 , 38 ,420000000000000);
INSERT INTO Quick VALUES ( '0x48e1c39f61df136b6802bdbf9e7068952b80757108aebc75977b68d9e8832d66' , 'None' , 'None' , 3500018 , '0x63408F222610d8b10A4d0b4C4aEdd97C9a487190' , 0 , '0x6052c48c4EFD71738c1CcB2C939dd45C8acfbe6a' , '358480000000000000' );
INSERT INTO account VALUES('0x63408F222610d8b10A4d0b4C4aEdd97C9a487190',0,2) ON CONFLICT(address)  DO UPDATE SET (address,balance,txcount) = ('0x63408F222610d8b10A4d0b4C4aEdd97C9a487190',0,2);

INSERT INTO account VALUES('0x6052c48c4EFD71738c1CcB2C939dd45C8acfbe6a',0,3) ON CONFLICT(address)  DO UPDATE SET (address,balance,txcount) = ('0x6052c48c4EFD71738c1CcB2C939dd45C8acfbe6a',0,3);

INSERT INTO TX VALUES ( '0x4a15112cb7a6d9d3979688de6a68d493ccd3ccd7debd8c65823dd92190cfb29d' , 3500018 , 'None' , 1147987 , 21001 , 20000000000 , 21000 , '0x' , '[]' , '0x00000000000000000000000000000000000000000000000000000000000000000000000000000000000000000000000000000000000000000000000000000000000000000000000000000000000000000000000000000000000000000000000000000000000000000000000000000000000000000000000000000000000000000000000000000000000000000000000000000000000000000000000000000000000000000000000000000000000000000000000000000000000000000000000000000000000000000000000000000000000000000000000000000000000000000000000000000000000000000000000000000000000000000000000000000000' , '0xb69ea261fe9f58720d2347767c56ae091ed3cd97637c8dbd8761578553dc0c64' , '0x5d8ae8a5f2306e34cbb45ed10a48bf96db992a10a68ebea7b00f14c3883d974f' , -1 , 6 , 38 ,420000000000000);
INSERT INTO Quick VALUES ( '0x4a15112cb7a6d9d3979688de6a68d493ccd3ccd7debd8c65823dd92190cfb29d' , 'None' , 'None' , 3500018 , '0xCFAaBF6d4659b0D968b95a7C9f0F5b0455eE6501' , 0 , '0x517c265F45eAc01389dbB3045206c1d07C7A178c' , '79739980000000000' );
INSERT INTO account VALUES('0xCFAaBF6d4659b0D968b95a7C9f0F5b0455eE6501',20000000000,1) ON CONFLICT(address)  DO UPDATE SET (address,balance,txcount) = ('0xCFAaBF6d4659b0D968b95a7C9f0F5b0455eE6501',20000000000,1);

INSERT INTO account VALUES('0x517c265F45eAc01389dbB3045206c1d07C7A178c',596000000000,18664) ON CONFLICT(address)  DO UPDATE SET (address,balance,txcount) = ('0x517c265F45eAc01389dbB3045206c1d07C7A178c',596000000000,18664);

INSERT INTO TX VALUES ( '0x5f64fbe45ba0c3dd4a0db59b4c53e1bad0151a5121b25cb1b4715c479dcaf025' , 3500018 , 'None' , 1178403 , 40000 , 20000000000 , 30416 , '0x' , '[AttributeDict({address: 0x209c4784AB1E8183Cf58cA33cb740efbF3FC18EF, blockHash: HexBytes(0xbd682e1afe38f04181e2b49f10b994b109855c19d918d4cfd2c078a141d51e75), blockNumber: 3500018, data: 0x00000000000000000000000032be343b94f860124dc4fee278fdcbd38c102d88, logIndex: 1, removed: False, topics: [HexBytes(0x23919512b2162ddc59b67a65e3b03c419d4105366f7d4a632f5d3c3bee9b1cff)], transactionHash: HexBytes(0x5f64fbe45ba0c3dd4a0db59b4c53e1bad0151a5121b25cb1b4715c479dcaf025), transactionIndex: 7})]' , '0x00000000000000000000000000000002000000000000000000100000000000000000000000000000000000000000000000000000000000000000000000000000000000000000000000000000000000000000000000000000000000000000000000000000000000000000004000000000000000000000000000000000000000000000020000000000000000000000000000000000000000000000000000000100000000000000000000000000000000000000000000000000000000000000000000000000000000000000000000000000000000000000000020000000000000000000000000000000000000000000000000000000000000000000000000000000' , '0x8a21808e6f821c768680558bbd79c6f716773f79f81c002e9bf6159ad68ab840' , '0x633d87a1db9f049f3ab5db2b9dc23e5e8d910bf76580e4ef515641d4bc0b37fc' , -1 , 7 , 37 ,608320000000000);
INSERT INTO Quick VALUES ( '0x5f64fbe45ba0c3dd4a0db59b4c53e1bad0151a5121b25cb1b4715c479dcaf025' , 'None' , 'None' , 3500018 , '0xD421A621bF8eF8f7E673b51EFB20f8E43fa9CAd7' , 0 , '0x209c4784AB1E8183Cf58cA33cb740efbF3FC18EF' , '19998800000000000000' );
INSERT INTO account VALUES('0xD421A621bF8eF8f7E673b51EFB20f8E43fa9CAd7',591680000000000,3) ON CONFLICT(address)  DO UPDATE SET (address,balance,txcount) = ('0xD421A621bF8eF8f7E673b51EFB20f8E43fa9CAd7',591680000000000,3);

INSERT INTO contract VALUES('0x209c4784AB1E8183Cf58cA33cb740efbF3FC18EF') ON CONFLICT(address)  DO UPDATE SET address = '0x209c4784AB1E8183Cf58cA33cb740efbF3FC18EF';

INSERT INTO TX VALUES ( '0x6814b6594216ea86690ae9ffabe53ddca3177643a67b2014c929c4b72538bded' , 3500018 , 'None' , 1199403 , 21000 , 20000000000 , 21000 , '0x' , '[]' , '0x00000000000000000000000000000000000000000000000000000000000000000000000000000000000000000000000000000000000000000000000000000000000000000000000000000000000000000000000000000000000000000000000000000000000000000000000000000000000000000000000000000000000000000000000000000000000000000000000000000000000000000000000000000000000000000000000000000000000000000000000000000000000000000000000000000000000000000000000000000000000000000000000000000000000000000000000000000000000000000000000000000000000000000000000000000000' , '0x3663e0b81a47e2651ecc6a135e4ef0e4e5a12074cd9a673d43be01decd1d69b0' , '0x78cff423b9ff1de68848fafb63d477c4a22535d528b5f45f02cfc671345a183d' , -1 , 8 , 38 ,420000000000000);
INSERT INTO Quick VALUES ( '0x6814b6594216ea86690ae9ffabe53ddca3177643a67b2014c929c4b72538bded' , 'None' , 'None' , 3500018 , '0x304f87E377fA39A26777B3E841d319968Ba86eda' , 3 , '0x6052c48c4EFD71738c1CcB2C939dd45C8acfbe6a' , '960000000000000' );
INSERT INTO account VALUES('0x304f87E377fA39A26777B3E841d319968Ba86eda',0,4) ON CONFLICT(address)  DO UPDATE SET (address,balance,txcount) = ('0x304f87E377fA39A26777B3E841d319968Ba86eda',0,4);

INSERT INTO account VALUES('0x6052c48c4EFD71738c1CcB2C939dd45C8acfbe6a',0,3) ON CONFLICT(address)  DO UPDATE SET (address,balance,txcount) = ('0x6052c48c4EFD71738c1CcB2C939dd45C8acfbe6a',0,3);

INSERT INTO TX VALUES ( '0x681e5fa5b99bb0963757fe2f8a7d8924236392bff3c96c9a6a6bf4ab4f0f72d8' , 3500018 , 'None' , 1265267 , 940000 , 20000000000 , 65864 , '0xe1fa8e8427f4f40610f3cf0c557a41933b5a7c9a0a5db5ab13ca91b1dc96d28301719176' , '[AttributeDict({address: 0xCD111aa492a9c77a367C36E6D6AF8e6f212E0C8E, blockHash: HexBytes(0xbd682e1afe38f04181e2b49f10b994b109855c19d918d4cfd2c078a141d51e75), blockNumber: 3500018, data: 0x27f4f40610f3cf0c557a41933b5a7c9a0a5db5ab13ca91b1dc96d28301719176, logIndex: 2, removed: False, topics: [HexBytes(0x78e4fc71ff7e525b3b4660a76336a2046232fd9bba9c65abb22fa3d07d6e7066)], transactionHash: HexBytes(0x681e5fa5b99bb0963757fe2f8a7d8924236392bff3c96c9a6a6bf4ab4f0f72d8), transactionIndex: 9})]' , '0x00000000000000000000000000000000000000000000000000000000000020000000000000000000000000040000000000000000000000000000000000000000000000000000000000000000000000000000000000000000000000000000000001000000000000000000000000000000000000000000000000000000000000000000000000000000000000000000000000000000000000000000000000000000000000000000000000000000000000000000000000000000000000000000000000000000000000000000000000000000000000000000000000120000000000200000000000000000000000000000000000000000000000000000000000000000' , '0x4c103a6b05623238535f5718ddaf3f2b807b2a4fc80f145dd09717c26dad8aeb' , '0x657c450f34eda2e4fcb10b688d2a530ab64feffe5892bf4ade6b1be0c3ab1cf5' , -1 , 9 , 28 ,1317280000000000);
INSERT INTO Quick VALUES ( '0x681e5fa5b99bb0963757fe2f8a7d8924236392bff3c96c9a6a6bf4ab4f0f72d8' , 'None' , 'None' , 3500018 , '0x00472c1e4275230354dbe5007A5976053f12610a' , 265410 , '0xCD111aa492a9c77a367C36E6D6AF8e6f212E0C8E' , '0' );
INSERT INTO account VALUES('0x00472c1e4275230354dbe5007A5976053f12610a',12528022663650803194,745176) ON CONFLICT(address)  DO UPDATE SET (address,balance,txcount) = ('0x00472c1e4275230354dbe5007A5976053f12610a',12528022663650803194,745176);

INSERT INTO contract VALUES('0xCD111aa492a9c77a367C36E6D6AF8e6f212E0C8E') ON CONFLICT(address)  DO UPDATE SET address = '0xCD111aa492a9c77a367C36E6D6AF8e6f212E0C8E';

INSERT INTO TX VALUES ( '0x730587d60473c0802094cdb5d5bd6a1b006132d8adb2f72416db6c95c10fe566' , 3500018 , 'None' , 1286267 , 21000 , 20000000000 , 21000 , '0x' , '[]' , '0x00000000000000000000000000000000000000000000000000000000000000000000000000000000000000000000000000000000000000000000000000000000000000000000000000000000000000000000000000000000000000000000000000000000000000000000000000000000000000000000000000000000000000000000000000000000000000000000000000000000000000000000000000000000000000000000000000000000000000000000000000000000000000000000000000000000000000000000000000000000000000000000000000000000000000000000000000000000000000000000000000000000000000000000000000000000' , '0xe0f8c591af26d7a2c7958624dcd630b1785e571c44293f75fcc83b066829a303' , '0x603c4d9ef3646bee7a118c093711792b64b6e16bb781e5d83f47ed2d8bfb29d5' , -1 , 10 , 38 ,420000000000000);
INSERT INTO Quick VALUES ( '0x730587d60473c0802094cdb5d5bd6a1b006132d8adb2f72416db6c95c10fe566' , 'None' , 'None' , 3500018 , '0x90C45Be17EeFA3Ad7BbFb264D5c5D57b529399FE' , 31 , '0x6052c48c4EFD71738c1CcB2C939dd45C8acfbe6a' , '1022852830000000000' );
INSERT INTO account VALUES('0x90C45Be17EeFA3Ad7BbFb264D5c5D57b529399FE',0,169) ON CONFLICT(address)  DO UPDATE SET (address,balance,txcount) = ('0x90C45Be17EeFA3Ad7BbFb264D5c5D57b529399FE',0,169);

INSERT INTO account VALUES('0x6052c48c4EFD71738c1CcB2C939dd45C8acfbe6a',0,3) ON CONFLICT(address)  DO UPDATE SET (address,balance,txcount) = ('0x6052c48c4EFD71738c1CcB2C939dd45C8acfbe6a',0,3);

INSERT INTO TX VALUES ( '0x7e5d56266224cae35be95b447b2e42dd6fa60ddc0d472f086ea050af6421f3e9' , 3500018 , 'None' , 1307267 , 21000 , 20000000000 , 21000 , '0x' , '[]' , '0x00000000000000000000000000000000000000000000000000000000000000000000000000000000000000000000000000000000000000000000000000000000000000000000000000000000000000000000000000000000000000000000000000000000000000000000000000000000000000000000000000000000000000000000000000000000000000000000000000000000000000000000000000000000000000000000000000000000000000000000000000000000000000000000000000000000000000000000000000000000000000000000000000000000000000000000000000000000000000000000000000000000000000000000000000000000' , '0x028d3bd250d7682c246dea0e1765137879e109aa862758f387bd8dd30c80cb4c' , '0x164c8ed6ba851527db506c6679707dec62c27ffbdf70d2ee53c92d093006f906' , -1 , 11 , 37 ,420000000000000);
INSERT INTO Quick VALUES ( '0x7e5d56266224cae35be95b447b2e42dd6fa60ddc0d472f086ea050af6421f3e9' , 'None' , 'None' , 3500018 , '0xfF508a250B6Aab3b94481bccfA60aDb6ff954395' , 1 , '0x6052c48c4EFD71738c1CcB2C939dd45C8acfbe6a' , '514287734621761000' );
INSERT INTO account VALUES('0xfF508a250B6Aab3b94481bccfA60aDb6ff954395',0,130) ON CONFLICT(address)  DO UPDATE SET (address,balance,txcount) = ('0xfF508a250B6Aab3b94481bccfA60aDb6ff954395',0,130);

INSERT INTO account VALUES('0x6052c48c4EFD71738c1CcB2C939dd45C8acfbe6a',0,3) ON CONFLICT(address)  DO UPDATE SET (address,balance,txcount) = ('0x6052c48c4EFD71738c1CcB2C939dd45C8acfbe6a',0,3);

INSERT INTO TX VALUES ( '0xb1a923e77389934b393cba2a4c8bdc349838dd062dcd31c131658af3ed3743c9' , 3500018 , 'None' , 1328267 , 21000 , 20000000000 , 21000 , '0x' , '[]' , '0x00000000000000000000000000000000000000000000000000000000000000000000000000000000000000000000000000000000000000000000000000000000000000000000000000000000000000000000000000000000000000000000000000000000000000000000000000000000000000000000000000000000000000000000000000000000000000000000000000000000000000000000000000000000000000000000000000000000000000000000000000000000000000000000000000000000000000000000000000000000000000000000000000000000000000000000000000000000000000000000000000000000000000000000000000000000' , '0xd33e562c25208db5a56a237fc76365155e811a8cbee94028af05ce131268a438' , '0x377a81c46de65230e5752c918be78ebf31e49e241575b0a1a75b9b0f87a7653a' , -1 , 12 , 37 ,420000000000000);
INSERT INTO Quick VALUES ( '0xb1a923e77389934b393cba2a4c8bdc349838dd062dcd31c131658af3ed3743c9' , 'None' , 'None' , 3500018 , '0x0ED9CAf06d21c9C55Ec4dc609Da165b73720A8aE' , 1 , '0x6052c48c4EFD71738c1CcB2C939dd45C8acfbe6a' , '293271280000000000' );
INSERT INTO account VALUES('0x0ED9CAf06d21c9C55Ec4dc609Da165b73720A8aE',0,2) ON CONFLICT(address)  DO UPDATE SET (address,balance,txcount) = ('0x0ED9CAf06d21c9C55Ec4dc609Da165b73720A8aE',0,2);

INSERT INTO account VALUES('0x6052c48c4EFD71738c1CcB2C939dd45C8acfbe6a',0,3) ON CONFLICT(address)  DO UPDATE SET (address,balance,txcount) = ('0x6052c48c4EFD71738c1CcB2C939dd45C8acfbe6a',0,3);

INSERT INTO TX VALUES ( '0xbcd78b5c39b2f799623f102175425d58209495bcd447bfe928e6e52cd33ebdf3' , 3500018 , 'None' , 1349267 , 21000 , 20000000000 , 21000 , '0x' , '[]' , '0x00000000000000000000000000000000000000000000000000000000000000000000000000000000000000000000000000000000000000000000000000000000000000000000000000000000000000000000000000000000000000000000000000000000000000000000000000000000000000000000000000000000000000000000000000000000000000000000000000000000000000000000000000000000000000000000000000000000000000000000000000000000000000000000000000000000000000000000000000000000000000000000000000000000000000000000000000000000000000000000000000000000000000000000000000000000' , '0x15721f1e524d1af9e006c18ae8bd12b833f66fca5974316fb9075f940c420680' , '0x07494786fc3e8fc75a976ab14b5c2eb3c6febc84abd728f2bfe59008653bad30' , -1 , 13 , 38 ,420000000000000);
INSERT INTO Quick VALUES ( '0xbcd78b5c39b2f799623f102175425d58209495bcd447bfe928e6e52cd33ebdf3' , 'None' , 'None' , 3500018 , '0x18F178F0Eaa61257D5913b745170B12A8AF8652e' , 3 , '0x6052c48c4EFD71738c1CcB2C939dd45C8acfbe6a' , '960000000000000' );
INSERT INTO account VALUES('0x18F178F0Eaa61257D5913b745170B12A8AF8652e',0,4) ON CONFLICT(address)  DO UPDATE SET (address,balance,txcount) = ('0x18F178F0Eaa61257D5913b745170B12A8AF8652e',0,4);

INSERT INTO account VALUES('0x6052c48c4EFD71738c1CcB2C939dd45C8acfbe6a',0,3) ON CONFLICT(address)  DO UPDATE SET (address,balance,txcount) = ('0x6052c48c4EFD71738c1CcB2C939dd45C8acfbe6a',0,3);

INSERT INTO TX VALUES ( '0xefa69c0f79ef6bee6720f2d55aba82f9eba92164d3a1c785b6bf651fd6bc2929' , 3500018 , 'None' , 1370267 , 21000 , 20000000000 , 21000 , '0x' , '[]' , '0x00000000000000000000000000000000000000000000000000000000000000000000000000000000000000000000000000000000000000000000000000000000000000000000000000000000000000000000000000000000000000000000000000000000000000000000000000000000000000000000000000000000000000000000000000000000000000000000000000000000000000000000000000000000000000000000000000000000000000000000000000000000000000000000000000000000000000000000000000000000000000000000000000000000000000000000000000000000000000000000000000000000000000000000000000000000' , '0xe1d4302840e512447f323d45d95fe1e3aed04beaf68f136e820e10328e588db6' , '0x1c80b1c50ad0789051887aee15c4f20efa10f387aaa2fbd9668a89ec49eedfd1' , -1 , 14 , 37 ,420000000000000);
INSERT INTO Quick VALUES ( '0xefa69c0f79ef6bee6720f2d55aba82f9eba92164d3a1c785b6bf651fd6bc2929' , 'None' , 'None' , 3500018 , '0x88C9218DD37A1C7D19f7df19fcD93916366737Ed' , 15 , '0x6052c48c4EFD71738c1CcB2C939dd45C8acfbe6a' , '5580000000000000' );
INSERT INTO account VALUES('0x88C9218DD37A1C7D19f7df19fcD93916366737Ed',0,65) ON CONFLICT(address)  DO UPDATE SET (address,balance,txcount) = ('0x88C9218DD37A1C7D19f7df19fcD93916366737Ed',0,65);

INSERT INTO account VALUES('0x6052c48c4EFD71738c1CcB2C939dd45C8acfbe6a',0,3) ON CONFLICT(address)  DO UPDATE SET (address,balance,txcount) = ('0x6052c48c4EFD71738c1CcB2C939dd45C8acfbe6a',0,3);

INSERT INTO TX VALUES ( '0xf6f65a880af9ade9b06d40053e52ebe82939a3336974ce96d2cf572276dca1f3' , 3500018 , 'None' , 1391267 , 21000 , 20000000000 , 21000 , '0x' , '[]' , '0x00000000000000000000000000000000000000000000000000000000000000000000000000000000000000000000000000000000000000000000000000000000000000000000000000000000000000000000000000000000000000000000000000000000000000000000000000000000000000000000000000000000000000000000000000000000000000000000000000000000000000000000000000000000000000000000000000000000000000000000000000000000000000000000000000000000000000000000000000000000000000000000000000000000000000000000000000000000000000000000000000000000000000000000000000000000' , '0x11a2cbbec69c5d22298a27e7036176d006bff40fda168243476253747d841a26' , '0x3bc13d1e3a09372b0aa610c332f7fee968b8dba180d7ced144ead3b42e2ec4c4' , -1 , 15 , 38 ,420000000000000);
INSERT INTO Quick VALUES ( '0xf6f65a880af9ade9b06d40053e52ebe82939a3336974ce96d2cf572276dca1f3' , 'None' , 'None' , 3500018 , '0xFFDe105F1a1F0D39b093AFE57eE5145b6a112679' , 1 , '0x6052c48c4EFD71738c1CcB2C939dd45C8acfbe6a' , '561549884932341808365' );
INSERT INTO account VALUES('0xFFDe105F1a1F0D39b093AFE57eE5145b6a112679',0,2) ON CONFLICT(address)  DO UPDATE SET (address,balance,txcount) = ('0xFFDe105F1a1F0D39b093AFE57eE5145b6a112679',0,2);

INSERT INTO account VALUES('0x6052c48c4EFD71738c1CcB2C939dd45C8acfbe6a',0,3) ON CONFLICT(address)  DO UPDATE SET (address,balance,txcount) = ('0x6052c48c4EFD71738c1CcB2C939dd45C8acfbe6a',0,3);

INSERT INTO TX VALUES ( '0x12d523df1067d63a721b8c84c0fe95e389d1112c388818595b7cd4cc5c422537' , 3500018 , 'None' , 1412267 , 90000 , 20000000000 , 21000 , '0x' , '[]' , '0x00000000000000000000000000000000000000000000000000000000000000000000000000000000000000000000000000000000000000000000000000000000000000000000000000000000000000000000000000000000000000000000000000000000000000000000000000000000000000000000000000000000000000000000000000000000000000000000000000000000000000000000000000000000000000000000000000000000000000000000000000000000000000000000000000000000000000000000000000000000000000000000000000000000000000000000000000000000000000000000000000000000000000000000000000000000' , '0xd76ce236adc71667767dc422f1de707008d775bd72b5777011faa2f8120187bb' , '0x128a57560a6e283bb46fec5ce521f24403faeaed780997527d4766d6bee225ec' , -1 , 16 , 38 ,420000000000000);
INSERT INTO Quick VALUES ( '0x12d523df1067d63a721b8c84c0fe95e389d1112c388818595b7cd4cc5c422537' , 'None' , 'None' , 3500018 , '0xEA674fdDe714fd979de3EdF0F56AA9716B898ec8' , 1563974 , '0x54515D3069EF94B0201A8d5bFF05BcE0cE1aF1DC' , '1003266356149926400' );
INSERT INTO account VALUES('0xEA674fdDe714fd979de3EdF0F56AA9716B898ec8',751788104419381830679,26650868) ON CONFLICT(address)  DO UPDATE SET (address,balance,txcount) = ('0xEA674fdDe714fd979de3EdF0F56AA9716B898ec8',751788104419381830679,26650868);

INSERT INTO account VALUES('0x54515D3069EF94B0201A8d5bFF05BcE0cE1aF1DC',1422000000000000,363) ON CONFLICT(address)  DO UPDATE SET (address,balance,txcount) = ('0x54515D3069EF94B0201A8d5bFF05BcE0cE1aF1DC',1422000000000000,363);

INSERT INTO TX VALUES ( '0x23fe5508c00dcfd6078b8738f58925cd9c7574b3836695ea2c96e6917552630a' , 3500018 , 'None' , 1478131 , 940000 , 20000000000 , 65864 , '0xe1fa8e84f0fa928d57202fa62efd49517a49436d08ad4a32da6df2c122c9a0a57ae3e2ea' , '[AttributeDict({address: 0xCD111aa492a9c77a367C36E6D6AF8e6f212E0C8E, blockHash: HexBytes(0xbd682e1afe38f04181e2b49f10b994b109855c19d918d4cfd2c078a141d51e75), blockNumber: 3500018, data: 0xf0fa928d57202fa62efd49517a49436d08ad4a32da6df2c122c9a0a57ae3e2ea, logIndex: 3, removed: False, topics: [HexBytes(0x78e4fc71ff7e525b3b4660a76336a2046232fd9bba9c65abb22fa3d07d6e7066)], transactionHash: HexBytes(0x23fe5508c00dcfd6078b8738f58925cd9c7574b3836695ea2c96e6917552630a), transactionIndex: 17})]' , '0x00000000000000000000000000000000000000000000000000000000000020000000000000000000000000040000000000000000000000000000000000000000000000000000000000000000000000000000000000000000000000000000000001000000000000000000000000000000000000000000000000000000000000000000000000000000000000000000000000000000000000000000000000000000000000000000000000000000000000000000000000000000000000000000000000000000000000000000000000000000000000000000000000120000000000200000000000000000000000000000000000000000000000000000000000000000' , '0xea54aa1802b14057b99ecb84204088222c3aaacb062719fbb8994499e0ce02e7' , '0x0c8b7d38e05295d214c903a17fd97e01b83906c93e88afc2b2ada8148b6cfd9c' , -1 , 17 , 28 ,1317280000000000);
INSERT INTO Quick VALUES ( '0x23fe5508c00dcfd6078b8738f58925cd9c7574b3836695ea2c96e6917552630a' , 'None' , 'None' , 3500018 , '0x00472c1e4275230354dbe5007A5976053f12610a' , 265411 , '0xCD111aa492a9c77a367C36E6D6AF8e6f212E0C8E' , '0' );
INSERT INTO account VALUES('0x00472c1e4275230354dbe5007A5976053f12610a',12528022663650803194,745176) ON CONFLICT(address)  DO UPDATE SET (address,balance,txcount) = ('0x00472c1e4275230354dbe5007A5976053f12610a',12528022663650803194,745176);

INSERT INTO contract VALUES('0xCD111aa492a9c77a367C36E6D6AF8e6f212E0C8E') ON CONFLICT(address)  DO UPDATE SET address = '0xCD111aa492a9c77a367C36E6D6AF8e6f212E0C8E';

UPDATE block 
 SET totalFee =5.03724830
 WHERE blockNumber = 3500018;INSERT INTO block VALUES ( 3500019 , 674444 , '0xea4a00cd5c0f401f7fa342f269adb32086c59133a3d7ccacfe5f2aeef04a94f4' , '0x00000000004000000000000000000000800200000000000000000000800001880000000000000000000400040000001000000000200004000000000000000000000000400000800000040008000000004000000000104000000000200000004000000080000000004000010000000000080000000000000000000010080000000000000000420000000000000000000000000000200000000000000000040000022004000000005000002000000000000000040000008000020800000000000000000002000000000000000020000000000000040000000000000080000000000000000000100000200000000000000000000000000000004020000808000000' , '0x9d39dd80170e07a0' , '251190804569749' , '0x65746865726d696e65202d20455533' , 4250634 , '0xEA674fdDe714fd979de3EdF0F56AA9716B898ec8' , '0x3cb55678cb6a52dd68ad804801e419484afc519c5f7c7bde762195b67de11839' , '0xbd682e1afe38f04181e2b49f10b994b109855c19d918d4cfd2c078a141d51e75' , '0x9ad8e7e7cbe2b21a16ce5ed77b34ea5c15cba0c110988104a74d117ea7f02789' , '0xc457d6c07fd6a89a40b897f3cd7dd058749f144bcef216663c513fb9468cd7bc' , 3415 , '0x81b0d864744414d93a49b8a03de93dd0139782d380ce83d056ed46316b11df2a' , 1491667420 , '199310543034852400383' , '0x5f1cb3eeb6f9e06643325b79b76b0cc159e6f2457fc1095db21b723419e14887' , '[HexBytes(0x65e1d0e03e385c3b07a2e378dae5b33ffb61bc958586c97c29d4fefbd37de856)]' ,44.339554);
INSERT INTO account VALUES('0xEA674fdDe714fd979de3EdF0F56AA9716B898ec8',751788104419381830679,26650868) ON CONFLICT(address)  DO UPDATE SET (address,balance,txcount) = ('0xEA674fdDe714fd979de3EdF0F56AA9716B898ec8',751788104419381830679,26650868);

INSERT INTO TX VALUES ( '0x7c18f73f1e940626627691d28392801dd649efe982fe3fd9b5d7974a485e3a6d' , 3500019 , 'None' , 21000 , 21000 , 22000000000 , 21000 , '0x' , '[]' , '0x00000000000000000000000000000000000000000000000000000000000000000000000000000000000000000000000000000000000000000000000000000000000000000000000000000000000000000000000000000000000000000000000000000000000000000000000000000000000000000000000000000000000000000000000000000000000000000000000000000000000000000000000000000000000000000000000000000000000000000000000000000000000000000000000000000000000000000000000000000000000000000000000000000000000000000000000000000000000000000000000000000000000000000000000000000000' , '0x884c889c0301cf08a9b0144260e7df626a23c2d50de575224f0b7fe7fa6bac65' , '0x6aa4d7894a5c4c6273fbf08496aa4961fbf2055662ac47457b77df31e19abc81' , -1 , 0 , 38 ,462000000000000);
INSERT INTO Quick VALUES ( '0x7c18f73f1e940626627691d28392801dd649efe982fe3fd9b5d7974a485e3a6d' , 'None' , 'None' , 3500019 , '0x05634323767BeFE56d1D917a15b4403cE64D7505' , 0 , '0xbbf882cAd23CA556eB67A8Dd7d49DB22037B63f8' , '25000000000000000' );
INSERT INTO account VALUES('0x05634323767BeFE56d1D917a15b4403cE64D7505',50474161319383087,559) ON CONFLICT(address)  DO UPDATE SET (address,balance,txcount) = ('0x05634323767BeFE56d1D917a15b4403cE64D7505',50474161319383087,559);

INSERT INTO account VALUES('0xbbf882cAd23CA556eB67A8Dd7d49DB22037B63f8',200000000200000,1) ON CONFLICT(address)  DO UPDATE SET (address,balance,txcount) = ('0xbbf882cAd23CA556eB67A8Dd7d49DB22037B63f8',200000000200000,1);

INSERT INTO TX VALUES ( '0x13649173a26655ec367ffecb3d44819e9c21153bbf9710b8fa0bedc12e3deef4' , 3500019 , 'None' , 42000 , 90000 , 20000000000 , 21000 , '0x' , '[]' , '0x00000000000000000000000000000000000000000000000000000000000000000000000000000000000000000000000000000000000000000000000000000000000000000000000000000000000000000000000000000000000000000000000000000000000000000000000000000000000000000000000000000000000000000000000000000000000000000000000000000000000000000000000000000000000000000000000000000000000000000000000000000000000000000000000000000000000000000000000000000000000000000000000000000000000000000000000000000000000000000000000000000000000000000000000000000000' , '0x6cf74242b4d5f7e283981fa9a7e602bc27f8d514ba8f64d3822a5eec30597e4f' , '0x7127b71c2d23a085829c7344373af2f1276fd9ae2092f6a7aac1a4a0a01fb481' , -1 , 1 , 37 ,420000000000000);
INSERT INTO Quick VALUES ( '0x13649173a26655ec367ffecb3d44819e9c21153bbf9710b8fa0bedc12e3deef4' , 'None' , 'None' , 3500019 , '0xd94c9ff168dc6aEbf9b6CC86dEfF54f3fb0AFC33' , 28082 , '0xd6aE5eA59D2D7e43a60D451CDD59206451F7E44e' , '149000000000000000000' );
INSERT INTO account VALUES('0xd94c9ff168dc6aEbf9b6CC86dEfF54f3fb0AFC33',39067557952107464181,439933) ON CONFLICT(address)  DO UPDATE SET (address,balance,txcount) = ('0xd94c9ff168dc6aEbf9b6CC86dEfF54f3fb0AFC33',39067557952107464181,439933);

INSERT INTO account VALUES('0xd6aE5eA59D2D7e43a60D451CDD59206451F7E44e',0,2) ON CONFLICT(address)  DO UPDATE SET (address,balance,txcount) = ('0xd6aE5eA59D2D7e43a60D451CDD59206451F7E44e',0,2);

INSERT INTO TX VALUES ( '0x14ea33af6ec477dec30521227651254e81b3e6e0fca1e1c6a65d3135b0589bb2' , 3500019 , 'None' , 94740 , 135162 , 20000000000 , 52740 , '0x665bcc32000000000000000000000000000000000000000000000000000000000000004000000000000000000000000000000000000000000000000000000000000000000000000000000000000000000000000000000000000000000000000000000001000000000000000000000000000000000000000000000000000000000000038d' , '[AttributeDict({address: 0xDfC328c19C8De45ac0117f836646378c10e0CdA3, blockHash: HexBytes(0xea4a00cd5c0f401f7fa342f269adb32086c59133a3d7ccacfe5f2aeef04a94f4), blockNumber: 3500019, data: 0x000000000000000000000000a3bc6b0d2347f06253cb6ecce6bf65eed4d9da210000000000000000000000000000000000000000000000000000000000000023000000000000000000000000000000000000000000000000000000000000038d, logIndex: 0, removed: False, topics: [HexBytes(0x38a332eb3aa0f3c1f4139e60234dbd0ad329da0a423413df4ca5936f2f733d81)], transactionHash: HexBytes(0x14ea33af6ec477dec30521227651254e81b3e6e0fca1e1c6a65d3135b0589bb2), transactionIndex: 2})]' , '0x00000000000000000000000000000000000000000000000000000000000000000000000000000000000400040000000000000000000000000000000000000000000000000000800000000000000000000000000000000000000000000000000000000000000000000000000000000000000000000000000000000000000000000000000000020000000000000000000000000000000000000000000000000000002000000000000000000000000000000000000000000000000000000000000000000000000000000000000000000000000000000000000000000000000000000000000000000000200000000000000000000000000000000000000000000000' , '0xf812b47afdb09c25fd67ec594cef6d03dcec397c65a6fa1837cb2a15f7ae7067' , '0x2aea5e6f77543f2f1d3d55941ebb54964a8a6c6f68ee8bc9fefd8c3d25496a0d' , -1 , 2 , 37 ,1054800000000000);
INSERT INTO Quick VALUES ( '0x14ea33af6ec477dec30521227651254e81b3e6e0fca1e1c6a65d3135b0589bb2' , 'None' , 'None' , 3500019 , '0xa92D36DC1CA4f505f1886503A0626c4aa8106497' , 5743 , '0xDfC328c19C8De45ac0117f836646378c10e0CdA3' , '0' );
INSERT INTO account VALUES('0xa92D36DC1CA4f505f1886503A0626c4aa8106497',21655322511507833,23507) ON CONFLICT(address)  DO UPDATE SET (address,balance,txcount) = ('0xa92D36DC1CA4f505f1886503A0626c4aa8106497',21655322511507833,23507);

INSERT INTO contract VALUES('0xDfC328c19C8De45ac0117f836646378c10e0CdA3') ON CONFLICT(address)  DO UPDATE SET address = '0xDfC328c19C8De45ac0117f836646378c10e0CdA3';

INSERT INTO TX VALUES ( '0x254b6378760bfbf6cb1b1e1a838fc80d15b7c97c08f717aa2fb4abb0e9f75e23' , 3500019 , 'None' , 117677 , 22937 , 20000000000 , 22937 , '0xa9059cbb0000000000000000000000000d770961ffb91daf2a7e02b88699df452182e7560000000000000000000000000000000000000000000000000000000000002710' , '[]' , '0x00000000000000000000000000000000000000000000000000000000000000000000000000000000000000000000000000000000000000000000000000000000000000000000000000000000000000000000000000000000000000000000000000000000000000000000000000000000000000000000000000000000000000000000000000000000000000000000000000000000000000000000000000000000000000000000000000000000000000000000000000000000000000000000000000000000000000000000000000000000000000000000000000000000000000000000000000000000000000000000000000000000000000000000000000000000' , '0xa8e2bbfd3af3884447357c63d4f46610c36e5b0576543163c62ddba90630345f' , '0x0733cf157d5f969a650cc7f9e38c9a79cc5f1e5139d4c70bd5ecb333127c12ba' , -1 , 3 , 37 ,458740000000000);
INSERT INTO Quick VALUES ( '0x254b6378760bfbf6cb1b1e1a838fc80d15b7c97c08f717aa2fb4abb0e9f75e23' , 'None' , 'None' , 3500019 , '0x54CF0Ef9998b5274e321C18679450D73Afcf1A83' , 3 , '0x08711D3B02C8758F2FB3ab4e80228418a7F8e39c' , '0' );
INSERT INTO account VALUES('0x54CF0Ef9998b5274e321C18679450D73Afcf1A83',12745683793922559026,402) ON CONFLICT(address)  DO UPDATE SET (address,balance,txcount) = ('0x54CF0Ef9998b5274e321C18679450D73Afcf1A83',12745683793922559026,402);

INSERT INTO contract VALUES('0x08711D3B02C8758F2FB3ab4e80228418a7F8e39c') ON CONFLICT(address)  DO UPDATE SET address = '0x08711D3B02C8758F2FB3ab4e80228418a7F8e39c';

INSERT INTO TX VALUES ( '0x395b69bb07c7e178a16fc4c0c33cc44993fe491470262a3b97ce5ebb1a171ce2' , 3500019 , 'None' , 140641 , 250000 , 20000000000 , 22964 , '0x2e1a7d4d000000000000000000000000000000000000000000000000073d7c7b19c4e000' , '[AttributeDict({address: 0x8d12A197cB00D4747a1fe03395095ce2A5CC6819, blockHash: HexBytes(0xea4a00cd5c0f401f7fa342f269adb32086c59133a3d7ccacfe5f2aeef04a94f4), blockNumber: 3500019, data: 0x00000000000000000000000000000000000000000000000000000000000000000000000000000000000000007e561c62b6bbd135e435df65638a10d793e4342b000000000000000000000000000000000000000000000000073d7c7b19c4e0000000000000000000000000000000000000000000000000000000000000000000, logIndex: 1, removed: False, topics: [HexBytes(0xf341246adaac6f497bc2a656f546ab9e182111d630394f0c57c710a59a2cb567)], transactionHash: HexBytes(0x395b69bb07c7e178a16fc4c0c33cc44993fe491470262a3b97ce5ebb1a171ce2), transactionIndex: 4})]' , '0x00000000004000000000000000000000000000000000000000000000000001080000000000000000000000000000000000000000000000000000000000000000000000000000000000000000000000000000000000000000000000000000000000000000000000000000000000000000000000000000000000000000000000000000000000000000000000000000000000000000000000000000000000000000000000000000000000000000000000000000040000008000000000000000000000000000000000000000000000000000000000040000000000000000000000000000000000000000000000000000000000000000000000000000000000000000' , '0x6190621bc19b2328ff6022c532e01df73641b5856178978018ac733b676d25a5' , '0x244f83b34c8afdfda0cad9259b7b548874892697fed56430bfb3e20bfd6c70ce' , -1 , 4 , 27 ,459280000000000);
INSERT INTO Quick VALUES ( '0x395b69bb07c7e178a16fc4c0c33cc44993fe491470262a3b97ce5ebb1a171ce2' , 'None' , 'None' , 3500019 , '0x7e561C62b6BBd135E435Df65638a10d793E4342b' , 43 , '0x8d12A197cB00D4747a1fe03395095ce2A5CC6819' , '0' );
INSERT INTO account VALUES('0x7e561C62b6BBd135E435Df65638a10d793E4342b',726742953807629011,50) ON CONFLICT(address)  DO UPDATE SET (address,balance,txcount) = ('0x7e561C62b6BBd135E435Df65638a10d793E4342b',726742953807629011,50);

INSERT INTO contract VALUES('0x8d12A197cB00D4747a1fe03395095ce2A5CC6819') ON CONFLICT(address)  DO UPDATE SET address = '0x8d12A197cB00D4747a1fe03395095ce2A5CC6819';

INSERT INTO TX VALUES ( '0x62778998960b92cec2f2b4d3785b837929f1db41b3a158a609deb158c303f6da' , 3500019 , 'None' , 161641 , 21000 , 20000000000 , 21000 , '0x' , '[]' , '0x00000000000000000000000000000000000000000000000000000000000000000000000000000000000000000000000000000000000000000000000000000000000000000000000000000000000000000000000000000000000000000000000000000000000000000000000000000000000000000000000000000000000000000000000000000000000000000000000000000000000000000000000000000000000000000000000000000000000000000000000000000000000000000000000000000000000000000000000000000000000000000000000000000000000000000000000000000000000000000000000000000000000000000000000000000000' , '0x2c962eb3bf574ab04dbadc562f34d1d4d06f7ca69b8803605b226c796b82383d' , '0x68124b44adfe9a54501098365d42f0d2a56bf52e95cf711a4a0dce01f174c53f' , -1 , 5 , 38 ,420000000000000);
INSERT INTO Quick VALUES ( '0x62778998960b92cec2f2b4d3785b837929f1db41b3a158a609deb158c303f6da' , 'None' , 'None' , 3500019 , '0x8eddDcD967F6Cb68b6Fb863d5a9054E799112fcE' , 1 , '0x6052c48c4EFD71738c1CcB2C939dd45C8acfbe6a' , '4434214383223036430635' );
INSERT INTO account VALUES('0x8eddDcD967F6Cb68b6Fb863d5a9054E799112fcE',0,4) ON CONFLICT(address)  DO UPDATE SET (address,balance,txcount) = ('0x8eddDcD967F6Cb68b6Fb863d5a9054E799112fcE',0,4);

INSERT INTO account VALUES('0x6052c48c4EFD71738c1CcB2C939dd45C8acfbe6a',0,3) ON CONFLICT(address)  DO UPDATE SET (address,balance,txcount) = ('0x6052c48c4EFD71738c1CcB2C939dd45C8acfbe6a',0,3);

INSERT INTO TX VALUES ( '0x72200ec43a18d0a532779d21454c2332ba8f02cd304cf8fc36f10204ab448048' , 3500019 , 'None' , 182641 , 90000 , 20000000000 , 21000 , '0x' , '[]' , '0x00000000000000000000000000000000000000000000000000000000000000000000000000000000000000000000000000000000000000000000000000000000000000000000000000000000000000000000000000000000000000000000000000000000000000000000000000000000000000000000000000000000000000000000000000000000000000000000000000000000000000000000000000000000000000000000000000000000000000000000000000000000000000000000000000000000000000000000000000000000000000000000000000000000000000000000000000000000000000000000000000000000000000000000000000000000' , '0x610dec16bad56b595f55251c2aee28e1f8dd223dce39f2b8a79c7e9fd999f2f2' , '0x1bbcaf20867c9ff4500df466b15d38f1439bd6106cccfffeca807b56d6359d83' , -1 , 6 , 38 ,420000000000000);
INSERT INTO Quick VALUES ( '0x72200ec43a18d0a532779d21454c2332ba8f02cd304cf8fc36f10204ab448048' , 'None' , 'None' , 3500019 , '0xEA674fdDe714fd979de3EdF0F56AA9716B898ec8' , 1563975 , '0x5fC815627186DE99C06a192813d113e289FC92B6' , '95746687907245580' );
INSERT INTO account VALUES('0xEA674fdDe714fd979de3EdF0F56AA9716B898ec8',751788104419381830679,26650868) ON CONFLICT(address)  DO UPDATE SET (address,balance,txcount) = ('0xEA674fdDe714fd979de3EdF0F56AA9716B898ec8',751788104419381830679,26650868);

INSERT INTO account VALUES('0x5fC815627186DE99C06a192813d113e289FC92B6',15421427649809,557) ON CONFLICT(address)  DO UPDATE SET (address,balance,txcount) = ('0x5fC815627186DE99C06a192813d113e289FC92B6',15421427649809,557);

INSERT INTO TX VALUES ( '0xbf2073db3dc4340baea7d91cab886a05f9a9ab95950e2b4d3276962ef46ca0fb' , 3500019 , 'None' , 203641 , 90000 , 20000000000 , 21000 , '0x' , '[]' , '0x00000000000000000000000000000000000000000000000000000000000000000000000000000000000000000000000000000000000000000000000000000000000000000000000000000000000000000000000000000000000000000000000000000000000000000000000000000000000000000000000000000000000000000000000000000000000000000000000000000000000000000000000000000000000000000000000000000000000000000000000000000000000000000000000000000000000000000000000000000000000000000000000000000000000000000000000000000000000000000000000000000000000000000000000000000000' , '0x8029ece83bef41d0dc286cc589fb33e44ade28c8c06fdaffa025f2dcb8834d12' , '0x3a51e719de6fac6a9eab7e0b286efe7b38aef7cda05e39cebd2fee8505c15d23' , -1 , 7 , 38 ,420000000000000);
INSERT INTO Quick VALUES ( '0xbf2073db3dc4340baea7d91cab886a05f9a9ab95950e2b4d3276962ef46ca0fb' , 'None' , 'None' , 3500019 , '0x8736302d5Ee87AC4C45333fa0A6184B910895564' , 27 , '0x69EA6b31ef305d6b99bB2d4c9D99456fA108b02A' , '3704510938058900000' );
INSERT INTO account VALUES('0x8736302d5Ee87AC4C45333fa0A6184B910895564',12660000000003940,54) ON CONFLICT(address)  DO UPDATE SET (address,balance,txcount) = ('0x8736302d5Ee87AC4C45333fa0A6184B910895564',12660000000003940,54);

INSERT INTO account VALUES('0x69EA6b31ef305d6b99bB2d4c9D99456fA108b02A',3882965663413019000,478082) ON CONFLICT(address)  DO UPDATE SET (address,balance,txcount) = ('0x69EA6b31ef305d6b99bB2d4c9D99456fA108b02A',3882965663413019000,478082);

INSERT INTO TX VALUES ( '0xcaa2f366273a1923dec81307111ff0960c269046f310ea4d461c2973399c7e74' , 3500019 , 'None' , 356377 , 400000 , 20000000000 , 152736 , '0x257bcd6a010000000000000000000000000000000000000000000000000008000000000000000000000000000000000000000000000000000000000000000000000000000000000000000000000000000000000000000000000000000000000000000000' , '[AttributeDict({address: 0xcCeD5B8288086BE8c38E23567e684C3740be4D48, blockHash: HexBytes(0xea4a00cd5c0f401f7fa342f269adb32086c59133a3d7ccacfe5f2aeef04a94f4), blockNumber: 3500019, data: 0x0000000000000000000000000000000000000000000000000000000032832d5b000000000000000000000000000000000000000000000000002386f26fc10000000000000000000000000000000000000000000000000000000000000000009600000000000000000000000000000000000000000000000000000002540be400000000000000000000000000000000000000000000000000000649ce3d40a000, logIndex: 2, removed: False, topics: [HexBytes(0x7d19c7776f05049226f581a23a4df896c65115763d8ec30490658efc4e8649cd), HexBytes(0x00000000000000000000000032c277d5b58cb03dac62c3a16dce9aa734b9d86f)], transactionHash: HexBytes(0xcaa2f366273a1923dec81307111ff0960c269046f310ea4d461c2973399c7e74), transactionIndex: 8}), AttributeDict({address: 0xDfC328c19C8De45ac0117f836646378c10e0CdA3, blockHash: HexBytes(0xea4a00cd5c0f401f7fa342f269adb32086c59133a3d7ccacfe5f2aeef04a94f4), blockNumber: 3500019, data: 0x000000000000000000000000000000000000000000000000000000000000038e0000000000000000000000000000000000000000000000000000000032832d5b, logIndex: 3, removed: False, topics: [HexBytes(0x8a0f1e52443beebd562effb53b94f903320af76cbdca2deb2d2bf01cf119d6dc)], transactionHash: HexBytes(0xcaa2f366273a1923dec81307111ff0960c269046f310ea4d461c2973399c7e74), transactionIndex: 8})]' , '0x00000000000000000000000000000000000200000000000000000000000000800000000000000000000400040000001000000000200000000000000000000000000000000000000000000000000000004000000000004000000000000000000000000080000000000000010000000000000000000000000000000000080000000000000000000000000000000000000000000000000000000000000000000000000000000000004000000000000000000000000000000000020000000000000000000000000000000000000000000000000000000000000000000000000000000000000000100000200000000000000000000000000000000000000000000000' , '0xe13753b610c3e1e4dea0cbf82e884fe3a6c0528765bf1c664140ff840a2fe896' , '0x253f5d4dc4c5f9ba59f285ddd23165c6df5bf6f75052e10d73cd218b3e24451a' , -1 , 8 , 28 ,3054720000000000);
INSERT INTO Quick VALUES ( '0xcaa2f366273a1923dec81307111ff0960c269046f310ea4d461c2973399c7e74' , 'None' , 'None' , 3500019 , '0x32C277d5b58cb03DAC62c3a16dcE9aA734B9d86F' , 58 , '0xDfC328c19C8De45ac0117f836646378c10e0CdA3' , '10000000000000000' );
INSERT INTO account VALUES('0x32C277d5b58cb03DAC62c3a16dcE9aA734B9d86F',10075767124028779,133) ON CONFLICT(address)  DO UPDATE SET (address,balance,txcount) = ('0x32C277d5b58cb03DAC62c3a16dcE9aA734B9d86F',10075767124028779,133);

INSERT INTO contract VALUES('0xDfC328c19C8De45ac0117f836646378c10e0CdA3') ON CONFLICT(address)  DO UPDATE SET address = '0xDfC328c19C8De45ac0117f836646378c10e0CdA3';

INSERT INTO TX VALUES ( '0xd76c48b1c84512e5fe5f924bcf1a75861903a06874da83ba341c2bce731b3fbb' , 3500019 , 'None' , 527444 , 1000000 , 20000000000 , 171067 , '0xf09ea2a6000000000000000000000000000000000000000000000006f05b59d3b2000000000000000000000000000000ecf8f87f810ecf450940c9f60066b4a7a501d6a7000000000000000000000000000000000000000000000006f05b59d3b2000000000000000000000000000000c66ea802717bfb9833400264dd12c2bceaa34a6d' , '[AttributeDict({address: 0xECF8F87f810EcF450940c9f60066b4a7a501d6A7, blockHash: HexBytes(0xea4a00cd5c0f401f7fa342f269adb32086c59133a3d7ccacfe5f2aeef04a94f4), blockNumber: 3500019, data: 0x000000000000000000000000000000000000000000000006f05b59d3b2000000, logIndex: 4, removed: False, topics: [HexBytes(0xddf252ad1be2c89b69c2b068fc378daa952ba7f163c4a11628f55a4df523b3ef), HexBytes(0x0000000000000000000000003a145250e08890888c900f106567c30a38ed140a), HexBytes(0x00000000000000000000000083ce340889c15a3b4d38cfcd1fc93e5d8497691f)], transactionHash: HexBytes(0xd76c48b1c84512e5fe5f924bcf1a75861903a06874da83ba341c2bce731b3fbb), transactionIndex: 9}), AttributeDict({address: 0x83Ce340889c15a3B4D38cfCD1Fc93e5D8497691f, blockHash: HexBytes(0xea4a00cd5c0f401f7fa342f269adb32086c59133a3d7ccacfe5f2aeef04a94f4), blockNumber: 3500019, data: 0x0000000000000000000000000000000000000000000000000000000000000186, logIndex: 5, removed: False, topics: [HexBytes(0xde857d2761836ca6234345c7f7f4c783271ed7d1aedf9268b3fe32800d186fde)], transactionHash: HexBytes(0xd76c48b1c84512e5fe5f924bcf1a75861903a06874da83ba341c2bce731b3fbb), transactionIndex: 9}), AttributeDict({address: 0x83Ce340889c15a3B4D38cfCD1Fc93e5D8497691f, blockHash: HexBytes(0xea4a00cd5c0f401f7fa342f269adb32086c59133a3d7ccacfe5f2aeef04a94f4), blockNumber: 3500019, data: 0x000000000000000000000000ecf8f87f810ecf450940c9f60066b4a7a501d6a7000000000000000000000000c66ea802717bfb9833400264dd12c2bceaa34a6d000000000000000000000000000000000000000000000006f05b59d3b2000000000000000000000000000000000000000000000000000006f05b59d3b20000000000000000000000000000000000000000000000000000000000000058e909dc, logIndex: 6, removed: False, topics: [HexBytes(0x773ff502687307abfa024ac9f62f9752a0d210dac2ffd9a29e38e12e2ea82c82), HexBytes(0x0000000000000000000000000000000000000000000000000000000000000186), HexBytes(0x189e123160afa9288d1fe92fa6e9390efd788c0089d5c14ffeb336e739d3e8f6), HexBytes(0x0000000000000000000000003a145250e08890888c900f106567c30a38ed140a)], transactionHash: HexBytes(0xd76c48b1c84512e5fe5f924bcf1a75861903a06874da83ba341c2bce731b3fbb), transactionIndex: 9})]' , '0x00000000000000000000000000000000800000000000000000000000800000000000000000000000000000000000000000000000000004000000000000000000000000400000000000040008000000000000000000100000000000200000004000000000000000004000000000000000080000000000000000000010000000000000000000400000000000000000000000000000200000000000000000040000020004000000001000002000000000000000000000000000000800000000000000000002000000000000000020000000000000000000000000000080000000000000000000000000000000000000000000000000000000004020000808000000' , '0xcef6a9474e57c3f592a8a0c8ae62533e790241e613d7fa6c64dbfe071e87b6c2' , '0x0ee07bda55844f0eb8e93f0c6cf0f68a4c8603b1f548664f068d88ef4c63e97e' , -1 , 9 , 37 ,3421340000000000);
INSERT INTO Quick VALUES ( '0xd76c48b1c84512e5fe5f924bcf1a75861903a06874da83ba341c2bce731b3fbb' , 'None' , 'None' , 3500019 , '0x3a145250E08890888c900F106567c30a38eD140A' , 54 , '0x83Ce340889c15a3B4D38cfCD1Fc93e5D8497691f' , '0' );
INSERT INTO account VALUES('0x3a145250E08890888c900F106567c30a38eD140A',1300633333474104563,112) ON CONFLICT(address)  DO UPDATE SET (address,balance,txcount) = ('0x3a145250E08890888c900F106567c30a38eD140A',1300633333474104563,112);

INSERT INTO contract VALUES('0x83Ce340889c15a3B4D38cfCD1Fc93e5D8497691f') ON CONFLICT(address)  DO UPDATE SET address = '0x83Ce340889c15a3B4D38cfCD1Fc93e5D8497691f';

INSERT INTO TX VALUES ( '0xefea881ef6daa02808b2ec707a8038d86989a50a8fa9a90074af8186d07336d6' , 3500019 , 'None' , 548444 , 21000 , 20000000000 , 21000 , '0x' , '[]' , '0x00000000000000000000000000000000000000000000000000000000000000000000000000000000000000000000000000000000000000000000000000000000000000000000000000000000000000000000000000000000000000000000000000000000000000000000000000000000000000000000000000000000000000000000000000000000000000000000000000000000000000000000000000000000000000000000000000000000000000000000000000000000000000000000000000000000000000000000000000000000000000000000000000000000000000000000000000000000000000000000000000000000000000000000000000000000' , '0x39b7d1aa18877d878293ba6b259add878d828c36e41156d36d78c114a52c2f28' , '0x63ecc52f3a313a986a1df81a36a334e18d1531b4084145b396c275af88f96886' , -1 , 10 , 37 ,420000000000000);
INSERT INTO Quick VALUES ( '0xefea881ef6daa02808b2ec707a8038d86989a50a8fa9a90074af8186d07336d6' , 'None' , 'None' , 3500019 , '0x3d9A7fF3DE61d8B70d73146aECd1374f4D9cd877' , 3 , '0x6052c48c4EFD71738c1CcB2C939dd45C8acfbe6a' , '960000000000000' );
INSERT INTO account VALUES('0x3d9A7fF3DE61d8B70d73146aECd1374f4D9cd877',0,4) ON CONFLICT(address)  DO UPDATE SET (address,balance,txcount) = ('0x3d9A7fF3DE61d8B70d73146aECd1374f4D9cd877',0,4);

INSERT INTO account VALUES('0x6052c48c4EFD71738c1CcB2C939dd45C8acfbe6a',0,3) ON CONFLICT(address)  DO UPDATE SET (address,balance,txcount) = ('0x6052c48c4EFD71738c1CcB2C939dd45C8acfbe6a',0,3);

INSERT INTO TX VALUES ( '0x7ed591e49600585295ba2566a27ecad81f21e8ee69605c7deac68e7244a30d98' , 3500019 , 'None' , 569444 , 90000 , 20000000000 , 21000 , '0x' , '[]' , '0x00000000000000000000000000000000000000000000000000000000000000000000000000000000000000000000000000000000000000000000000000000000000000000000000000000000000000000000000000000000000000000000000000000000000000000000000000000000000000000000000000000000000000000000000000000000000000000000000000000000000000000000000000000000000000000000000000000000000000000000000000000000000000000000000000000000000000000000000000000000000000000000000000000000000000000000000000000000000000000000000000000000000000000000000000000000' , '0x33de2077c8c370c116661e5a66e4f77235bd091a8c5890aa410077d2fff79be7' , '0x4615270d6ea2e33e4f985192dad682e7bf55c8a332dd526dcc8362f1bf5fe948' , -1 , 11 , 38 ,420000000000000);
INSERT INTO Quick VALUES ( '0x7ed591e49600585295ba2566a27ecad81f21e8ee69605c7deac68e7244a30d98' , 'None' , 'None' , 3500019 , '0xd94c9ff168dc6aEbf9b6CC86dEfF54f3fb0AFC33' , 28083 , '0xE767ea09abc73B32D48aaC216699266b42Dc210D' , '55000000000000000000' );
INSERT INTO account VALUES('0xd94c9ff168dc6aEbf9b6CC86dEfF54f3fb0AFC33',39067557952107464181,439933) ON CONFLICT(address)  DO UPDATE SET (address,balance,txcount) = ('0xd94c9ff168dc6aEbf9b6CC86dEfF54f3fb0AFC33',39067557952107464181,439933);

INSERT INTO account VALUES('0xE767ea09abc73B32D48aaC216699266b42Dc210D',81729104855984,39) ON CONFLICT(address)  DO UPDATE SET (address,balance,txcount) = ('0xE767ea09abc73B32D48aaC216699266b42Dc210D',81729104855984,39);

INSERT INTO TX VALUES ( '0xb388ce9a73e532cce1d55789bda6e0d516588cd0e3449705f74d7a18f5cfc825' , 3500019 , 'None' , 590444 , 21000 , 20000000000 , 21000 , '0x' , '[]' , '0x00000000000000000000000000000000000000000000000000000000000000000000000000000000000000000000000000000000000000000000000000000000000000000000000000000000000000000000000000000000000000000000000000000000000000000000000000000000000000000000000000000000000000000000000000000000000000000000000000000000000000000000000000000000000000000000000000000000000000000000000000000000000000000000000000000000000000000000000000000000000000000000000000000000000000000000000000000000000000000000000000000000000000000000000000000000' , '0xf6246d95bfaaf11e97e666d9b75e550217e9af3e3f320f5e6ecb01ba19bb9843' , '0x19654f9af70449ccda07d8ccee87ed3ef696ac98eef2d6bde004f6391f04c297' , -1 , 12 , 37 ,420000000000000);
INSERT INTO Quick VALUES ( '0xb388ce9a73e532cce1d55789bda6e0d516588cd0e3449705f74d7a18f5cfc825' , 'None' , 'None' , 3500019 , '0x8eddDcD967F6Cb68b6Fb863d5a9054E799112fcE' , 2 , '0x384D2D3Ca0011D8AeBE3327AB0e8cd953b10Bf18' , '542354976776963569365' );
INSERT INTO account VALUES('0x8eddDcD967F6Cb68b6Fb863d5a9054E799112fcE',0,4) ON CONFLICT(address)  DO UPDATE SET (address,balance,txcount) = ('0x8eddDcD967F6Cb68b6Fb863d5a9054E799112fcE',0,4);

INSERT INTO account VALUES('0x384D2D3Ca0011D8AeBE3327AB0e8cd953b10Bf18',0,2) ON CONFLICT(address)  DO UPDATE SET (address,balance,txcount) = ('0x384D2D3Ca0011D8AeBE3327AB0e8cd953b10Bf18',0,2);

INSERT INTO TX VALUES ( '0xd6ae395973513d82e2d0ce5a8773ffd4928175ec3b86f685b3fba26c7160fcde' , 3500019 , 'None' , 611444 , 90000 , 20000000000 , 21000 , '0x' , '[]' , '0x00000000000000000000000000000000000000000000000000000000000000000000000000000000000000000000000000000000000000000000000000000000000000000000000000000000000000000000000000000000000000000000000000000000000000000000000000000000000000000000000000000000000000000000000000000000000000000000000000000000000000000000000000000000000000000000000000000000000000000000000000000000000000000000000000000000000000000000000000000000000000000000000000000000000000000000000000000000000000000000000000000000000000000000000000000000' , '0x826360e1ede8a5f055668a39023b60c7aac519fc4c48b78aac145791758a80cc' , '0x6971e9391cfa0703c1205c8292bbd01bd45271acb50c933a47ad2973a438d2fb' , -1 , 13 , 38 ,420000000000000);
INSERT INTO Quick VALUES ( '0xd6ae395973513d82e2d0ce5a8773ffd4928175ec3b86f685b3fba26c7160fcde' , 'None' , 'None' , 3500019 , '0xEA674fdDe714fd979de3EdF0F56AA9716B898ec8' , 1563976 , '0x6000D98A6F13f61C4ce707D9e4174611076F5210' , '96037029994164430' );
INSERT INTO account VALUES('0xEA674fdDe714fd979de3EdF0F56AA9716B898ec8',748434711559809738858,26650893) ON CONFLICT(address)  DO UPDATE SET (address,balance,txcount) = ('0xEA674fdDe714fd979de3EdF0F56AA9716B898ec8',748434711559809738858,26650893);

INSERT INTO account VALUES('0x6000D98A6F13f61C4ce707D9e4174611076F5210',0,69) ON CONFLICT(address)  DO UPDATE SET (address,balance,txcount) = ('0x6000D98A6F13f61C4ce707D9e4174611076F5210',0,69);

INSERT INTO TX VALUES ( '0x186d02186b8d7672eac86854fa30dd9efaaf49b55108b8d5b9f9061143d39274' , 3500019 , 'None' , 632444 , 90000 , 20000000000 , 21000 , '0x' , '[]' , '0x00000000000000000000000000000000000000000000000000000000000000000000000000000000000000000000000000000000000000000000000000000000000000000000000000000000000000000000000000000000000000000000000000000000000000000000000000000000000000000000000000000000000000000000000000000000000000000000000000000000000000000000000000000000000000000000000000000000000000000000000000000000000000000000000000000000000000000000000000000000000000000000000000000000000000000000000000000000000000000000000000000000000000000000000000000000' , '0xac395ae9b243060f0fe1c831ab6673bb31c91114ab181bf32350500d49e52a6d' , '0x2b67f481c0309cdc2837ea32173c1e55f5c06f8a3dbc0d3f50d4735848d60b48' , -1 , 14 , 38 ,420000000000000);
INSERT INTO Quick VALUES ( '0x186d02186b8d7672eac86854fa30dd9efaaf49b55108b8d5b9f9061143d39274' , 'None' , 'None' , 3500019 , '0xEA674fdDe714fd979de3EdF0F56AA9716B898ec8' , 1563977 , '0x63cC20b4588Efc85FEC064bF65b207b39eaDd95B' , '101172316182439940' );
INSERT INTO account VALUES('0xEA674fdDe714fd979de3EdF0F56AA9716B898ec8',748434711559809738858,26650893) ON CONFLICT(address)  DO UPDATE SET (address,balance,txcount) = ('0xEA674fdDe714fd979de3EdF0F56AA9716B898ec8',748434711559809738858,26650893);

INSERT INTO account VALUES('0x63cC20b4588Efc85FEC064bF65b207b39eaDd95B',69041745166811324,778) ON CONFLICT(address)  DO UPDATE SET (address,balance,txcount) = ('0x63cC20b4588Efc85FEC064bF65b207b39eaDd95B',69041745166811324,778);

INSERT INTO TX VALUES ( '0x3e7afff9e4c03aea55a51708889e29223741d8ad145337a3016ecdc8f470df99' , 3500019 , 'None' , 653444 , 90000 , 20000000000 , 21000 , '0x' , '[]' , '0x00000000000000000000000000000000000000000000000000000000000000000000000000000000000000000000000000000000000000000000000000000000000000000000000000000000000000000000000000000000000000000000000000000000000000000000000000000000000000000000000000000000000000000000000000000000000000000000000000000000000000000000000000000000000000000000000000000000000000000000000000000000000000000000000000000000000000000000000000000000000000000000000000000000000000000000000000000000000000000000000000000000000000000000000000000000' , '0x1193d29f081a5e5477a59f2866570cd0bc1d51a6bd707bed1b6c6f0a333a9988' , '0x3948a616fefd5031136d2411db0f77c83ea9db1739c239c990c8801aa7996100' , -1 , 15 , 37 ,420000000000000);
INSERT INTO Quick VALUES ( '0x3e7afff9e4c03aea55a51708889e29223741d8ad145337a3016ecdc8f470df99' , 'None' , 'None' , 3500019 , '0xEA674fdDe714fd979de3EdF0F56AA9716B898ec8' , 1563978 , '0x7329c8DBAfaeF13C3388de01015EA855E13723A2' , '1000018941434241700' );
INSERT INTO account VALUES('0xEA674fdDe714fd979de3EdF0F56AA9716B898ec8',748434711559809738858,26650893) ON CONFLICT(address)  DO UPDATE SET (address,balance,txcount) = ('0xEA674fdDe714fd979de3EdF0F56AA9716B898ec8',748434711559809738858,26650893);

INSERT INTO account VALUES('0x7329c8DBAfaeF13C3388de01015EA855E13723A2',335184470308736731,45) ON CONFLICT(address)  DO UPDATE SET (address,balance,txcount) = ('0x7329c8DBAfaeF13C3388de01015EA855E13723A2',335184470308736731,45);

INSERT INTO TX VALUES ( '0x4540a72cd70ae45cb7df90aa307ebbc0452901373e6e1c6046cb2e8c10cc89f5' , 3500019 , 'None' , 674444 , 90000 , 20000000000 , 21000 , '0x' , '[]' , '0x00000000000000000000000000000000000000000000000000000000000000000000000000000000000000000000000000000000000000000000000000000000000000000000000000000000000000000000000000000000000000000000000000000000000000000000000000000000000000000000000000000000000000000000000000000000000000000000000000000000000000000000000000000000000000000000000000000000000000000000000000000000000000000000000000000000000000000000000000000000000000000000000000000000000000000000000000000000000000000000000000000000000000000000000000000000' , '0x4987a805777eb5db219e2b005e1fb4d2dcfa472e8c6c8859ae88cc4106a4692f' , '0x34b5d5eb280f510b254d605b92e62a4f9a7c8e149e466d452076fcba8a91e9e9' , -1 , 16 , 38 ,420000000000000);
INSERT INTO Quick VALUES ( '0x4540a72cd70ae45cb7df90aa307ebbc0452901373e6e1c6046cb2e8c10cc89f5' , 'None' , 'None' , 3500019 , '0xEA674fdDe714fd979de3EdF0F56AA9716B898ec8' , 1563979 , '0x7Ff615B756bb680C1880DE4C9BeaBFEFB8a62C68' , '1010223856568483100' );
INSERT INTO account VALUES('0xEA674fdDe714fd979de3EdF0F56AA9716B898ec8',748434711559809738858,26650893) ON CONFLICT(address)  DO UPDATE SET (address,balance,txcount) = ('0xEA674fdDe714fd979de3EdF0F56AA9716B898ec8',748434711559809738858,26650893);

INSERT INTO account VALUES('0x7Ff615B756bb680C1880DE4C9BeaBFEFB8a62C68',4560084256972018,36) ON CONFLICT(address)  DO UPDATE SET (address,balance,txcount) = ('0x7Ff615B756bb680C1880DE4C9BeaBFEFB8a62C68',4560084256972018,36);

UPDATE block 
 SET totalFee =5.01353088
 WHERE blockNumber = 3500019;INSERT INTO block VALUES ( 3500020 , 432056 , '0x9831a0c680d5799ec5519c0ce41f6917bb4c54c41d7025658d862b10edef71bf' , '0x08000000000080000000000200001000800000000000000020000100800020080000000000000000000000040100000000000000000004020000000000200000000000400000000000000008800080000000000000101000000000200000004001020000000000000000040082000000081000001004000012000010000000000004000000000000000000000000000008001000a20000000000000000440000000000000000001000022000000000000000000000008000000000000020000000000002000002000000000020000000010000044008000000160000000100300000000000000000000080000001000000000000000800004020040008000000' , '0x34689f0000d62985' , '251199394504341' , '0x6e616e6f706f6f6c2e6f7267' , 4254778 , '0x52bc44d5378309EE2abF1539BF71dE1b7d7bE3b5' , '0x2382398563ca1f6e0cbae952cfb1c48e605585fb597f0552da47d0624912e9dd' , '0xea4a00cd5c0f401f7fa342f269adb32086c59133a3d7ccacfe5f2aeef04a94f4' , '0x75a0276075f2f2aa8db6ef85c1cf1f6e129a50d207aaa19713c4d0e5bbdf1038' , '0x1dcc4de8dec75d7aab85b567b6ccd41ad312451b948a7413f0a142fd40d49347' , 2082 , '0x598c0baee5dd50fa337f663ad25a77fa74a30c64b63087993579e5a6648f8b89' , 1491667438 , '199310794234246904724' , '0xa056862d2f3e60a81d2e7be29c3e9d923224c6dbf58451f2ef92ff6a8bcd411c' , '[]' ,44.339554);
INSERT INTO account VALUES('0x52bc44d5378309EE2abF1539BF71dE1b7d7bE3b5',2879499821862165934483,15302252) ON CONFLICT(address)  DO UPDATE SET (address,balance,txcount) = ('0x52bc44d5378309EE2abF1539BF71dE1b7d7bE3b5',2879499821862165934483,15302252);

INSERT INTO TX VALUES ( '0x1338579f9472ece0b2919682fafeac3f21cd5ab20ee4362eb01fa30fc7c76328' , 3500020 , 'None' , 71208 , 1000000 , 20000000000 , 71208 , '0xd6febde800000000000000000000000000000000000000000000000000000000000000fb000000000000000000000000000000000000000000000004e35e2444e4cc496e' , '[AttributeDict({address: 0xECF8F87f810EcF450940c9f60066b4a7a501d6A7, blockHash: HexBytes(0x9831a0c680d5799ec5519c0ce41f6917bb4c54c41d7025658d862b10edef71bf), blockNumber: 3500020, data: 0x00000000000000000000000000000000000000000000000521efa615237019e7, logIndex: 0, removed: False, topics: [HexBytes(0xddf252ad1be2c89b69c2b068fc378daa952ba7f163c4a11628f55a4df523b3ef), HexBytes(0x0000000000000000000000003a145250e08890888c900f106567c30a38ed140a), HexBytes(0x0000000000000000000000007c5f6ffad368dbf1a83e6d66b5ace792fac2e7c0)], transactionHash: HexBytes(0x1338579f9472ece0b2919682fafeac3f21cd5ab20ee4362eb01fa30fc7c76328), transactionIndex: 0}), AttributeDict({address: 0xaae65D15E74729e6072b388C2E34f67D6E327b66, blockHash: HexBytes(0x9831a0c680d5799ec5519c0ce41f6917bb4c54c41d7025658d862b10edef71bf), blockNumber: 3500020, data: 0x00000000000000000000000000000000000000000000009c6354417c1da47f53, logIndex: 1, removed: False, topics: [HexBytes(0x163aa6d2d8e5248ce93dbd22509af93e5f27f8e0edc15c9e26f2867c593e0870), HexBytes(0x00000000000000000000000083ce340889c15a3b4d38cfcd1fc93e5d8497691f)], transactionHash: HexBytes(0x1338579f9472ece0b2919682fafeac3f21cd5ab20ee4362eb01fa30fc7c76328), transactionIndex: 0}), AttributeDict({address: 0xaae65D15E74729e6072b388C2E34f67D6E327b66, blockHash: HexBytes(0x9831a0c680d5799ec5519c0ce41f6917bb4c54c41d7025658d862b10edef71bf), blockNumber: 3500020, data: 0x000000000000000000000000000000000000000000000004e35e2444e4cc496e, logIndex: 2, removed: False, topics: [HexBytes(0x163aa6d2d8e5248ce93dbd22509af93e5f27f8e0edc15c9e26f2867c593e0870), HexBytes(0x0000000000000000000000003a145250e08890888c900f106567c30a38ed140a)], transactionHash: HexBytes(0x1338579f9472ece0b2919682fafeac3f21cd5ab20ee4362eb01fa30fc7c76328), transactionIndex: 0}), AttributeDict({address: 0xC66eA802717bFb9833400264Dd12c2bCeAa34a6d, blockHash: HexBytes(0x9831a0c680d5799ec5519c0ce41f6917bb4c54c41d7025658d862b10edef71bf), blockNumber: 3500020, data: 0x000000000000000000000000000000000000000000000004e35e2444e4cc496e, logIndex: 3, removed: False, topics: [HexBytes(0xddf252ad1be2c89b69c2b068fc378daa952ba7f163c4a11628f55a4df523b3ef), HexBytes(0x00000000000000000000000083ce340889c15a3b4d38cfcd1fc93e5d8497691f), HexBytes(0x0000000000000000000000003a145250e08890888c900f106567c30a38ed140a)], transactionHash: HexBytes(0x1338579f9472ece0b2919682fafeac3f21cd5ab20ee4362eb01fa30fc7c76328), transactionIndex: 0}), AttributeDict({address: 0x83Ce340889c15a3B4D38cfCD1Fc93e5D8497691f, blockHash: HexBytes(0x9831a0c680d5799ec5519c0ce41f6917bb4c54c41d7025658d862b10edef71bf), blockNumber: 3500020, data: 0x000000000000000000000000000000000000000000000004e35e2444e4cc496e00000000000000000000000000000000000000000000000521efa615237019e7, logIndex: 4, removed: False, topics: [HexBytes(0xa5ca35f5c7b1c108bbc4c25279f619f720805890f993005d9f00ef1e32663f9b), HexBytes(0x000000000000000000000000c66ea802717bfb9833400264dd12c2bceaa34a6d), HexBytes(0x000000000000000000000000ecf8f87f810ecf450940c9f60066b4a7a501d6a7)], transactionHash: HexBytes(0x1338579f9472ece0b2919682fafeac3f21cd5ab20ee4362eb01fa30fc7c76328), transactionIndex: 0}), AttributeDict({address: 0x83Ce340889c15a3B4D38cfCD1Fc93e5D8497691f, blockHash: HexBytes(0x9831a0c680d5799ec5519c0ce41f6917bb4c54c41d7025658d862b10edef71bf), blockNumber: 3500020, data: 0x00000000000000000000000000000000000000000000000000000000000000fb, logIndex: 5, removed: False, topics: [HexBytes(0xde857d2761836ca6234345c7f7f4c783271ed7d1aedf9268b3fe32800d186fde)], transactionHash: HexBytes(0x1338579f9472ece0b2919682fafeac3f21cd5ab20ee4362eb01fa30fc7c76328), transactionIndex: 0}), AttributeDict({address: 0x83Ce340889c15a3B4D38cfCD1Fc93e5D8497691f, blockHash: HexBytes(0x9831a0c680d5799ec5519c0ce41f6917bb4c54c41d7025658d862b10edef71bf), blockNumber: 3500020, data: 0x00000000000000000000000000000000000000000000000000000000000000fb000000000000000000000000c66ea802717bfb9833400264dd12c2bceaa34a6d000000000000000000000000ecf8f87f810ecf450940c9f60066b4a7a501d6a7000000000000000000000000000000000000000000000004e35e2444e4cc496e00000000000000000000000000000000000000000000000521efa615237019e70000000000000000000000000000000000000000000000000000000058e909ee, logIndex: 6, removed: False, topics: [HexBytes(0x3383e3357c77fd2e3a4b30deea81179bc70a795d053d14d5b7f2f01d0fd4596f), HexBytes(0x3daf72416fd88e456b745a9b77264e6765d349bc9eda37a2b9347c7e12902733), HexBytes(0x0000000000000000000000007c5f6ffad368dbf1a83e6d66b5ace792fac2e7c0), HexBytes(0x0000000000000000000000003a145250e08890888c900f106567c30a38ed140a)], transactionHash: HexBytes(0x1338579f9472ece0b2919682fafeac3f21cd5ab20ee4362eb01fa30fc7c76328), transactionIndex: 0})]' , '0x08000000000080000000000200001000800000000000000020000000800000000000000000000000000000000100000000000000000004020000000000200000000000000000000000000008000000000000000000101000000000200000004000000000000000000000040082000000081000000000000012000010000000000004000000000000000000000000000008001000a00000000000000000440000000000000000001000022000000000000000000000000000000000000020000000000002000000000000000020000000010000004000000000040000000000000000000000000000000080000000000000000000000000004020000008000000' , '0xee298f9c6a307638ca8618dd8e4cc474740bf5b59f5ee2bf43390b53e8ab0215' , '0x42e8323446a5a1a066febcf28814d2493afc98af6a1eb7a64d026a2198a48164' , -1 , 0 , 38 ,1424160000000000);
INSERT INTO Quick VALUES ( '0x1338579f9472ece0b2919682fafeac3f21cd5ab20ee4362eb01fa30fc7c76328' , 'None' , 'None' , 3500020 , '0x3a145250E08890888c900F106567c30a38eD140A' , 55 , '0x83Ce340889c15a3B4D38cfCD1Fc93e5D8497691f' , '0' );
INSERT INTO account VALUES('0x3a145250E08890888c900F106567c30a38eD140A',1300633333474104563,112) ON CONFLICT(address)  DO UPDATE SET (address,balance,txcount) = ('0x3a145250E08890888c900F106567c30a38eD140A',1300633333474104563,112);

INSERT INTO contract VALUES('0x83Ce340889c15a3B4D38cfCD1Fc93e5D8497691f') ON CONFLICT(address)  DO UPDATE SET address = '0x83Ce340889c15a3B4D38cfCD1Fc93e5D8497691f';

INSERT INTO TX VALUES ( '0x1369d864c659ffcf05d49d847655f7521020f897889ed36bbed9c6b943969971' , 3500020 , 'None' , 92208 , 90000 , 20000000000 , 21000 , '0x' , '[]' , '0x00000000000000000000000000000000000000000000000000000000000000000000000000000000000000000000000000000000000000000000000000000000000000000000000000000000000000000000000000000000000000000000000000000000000000000000000000000000000000000000000000000000000000000000000000000000000000000000000000000000000000000000000000000000000000000000000000000000000000000000000000000000000000000000000000000000000000000000000000000000000000000000000000000000000000000000000000000000000000000000000000000000000000000000000000000000' , '0xdd3860f1c10e9fdba977cd1f113b9315dba2281927265c07e8f3792d8c594f1e' , '0x27ed3ccb8e2e6bb77c3d70843cfe5decd42e8d745a05faa8fded7e18efa9756d' , -1 , 1 , 37 ,420000000000000);
INSERT INTO Quick VALUES ( '0x1369d864c659ffcf05d49d847655f7521020f897889ed36bbed9c6b943969971' , 'None' , 'None' , 3500020 , '0xd94c9ff168dc6aEbf9b6CC86dEfF54f3fb0AFC33' , 28084 , '0x50F2c92B90258E5758F07E476a338B735834fE5B' , '65640000000000000000' );
INSERT INTO account VALUES('0xd94c9ff168dc6aEbf9b6CC86dEfF54f3fb0AFC33',39067557952107464181,439933) ON CONFLICT(address)  DO UPDATE SET (address,balance,txcount) = ('0xd94c9ff168dc6aEbf9b6CC86dEfF54f3fb0AFC33',39067557952107464181,439933);

INSERT INTO account VALUES('0x50F2c92B90258E5758F07E476a338B735834fE5B',0,68) ON CONFLICT(address)  DO UPDATE SET (address,balance,txcount) = ('0x50F2c92B90258E5758F07E476a338B735834fE5B',0,68);

INSERT INTO TX VALUES ( '0x26f1a7bb7ec18b79aed7bb1f8eba3edeff2ea6c826e6658dcdd23b75dc62b2e8' , 3500020 , 'None' , 115592 , 90000 , 20000000000 , 23384 , '0x0171122011cb19d2e1849625d22c5b0e5cb56abf00c4da2fc31ab1a5a7517576973a0d25' , '[]' , '0x00000000000000000000000000000000000000000000000000000000000000000000000000000000000000000000000000000000000000000000000000000000000000000000000000000000000000000000000000000000000000000000000000000000000000000000000000000000000000000000000000000000000000000000000000000000000000000000000000000000000000000000000000000000000000000000000000000000000000000000000000000000000000000000000000000000000000000000000000000000000000000000000000000000000000000000000000000000000000000000000000000000000000000000000000000000' , '0x072a556fd5cb2f5bc49835adc10ffdc4bf6aa100fec46dc567527fd05e2ea32d' , '0x44d3074dc0c434cd543a5d6583957b01149ba5f231a28d6e5c09e62ad6a4051a' , -1 , 2 , 37 ,467680000000000);
INSERT INTO Quick VALUES ( '0x26f1a7bb7ec18b79aed7bb1f8eba3edeff2ea6c826e6658dcdd23b75dc62b2e8' , 'None' , 'None' , 3500020 , '0x5173829b2Daeac6FfbCcc10E6B351D8380C14A9E' , 14152 , '0x5173829b2Daeac6FfbCcc10E6B351D8380C14A9E' , '0' );
INSERT INTO account VALUES('0x5173829b2Daeac6FfbCcc10E6B351D8380C14A9E',1678352568585736,23219) ON CONFLICT(address)  DO UPDATE SET (address,balance,txcount) = ('0x5173829b2Daeac6FfbCcc10E6B351D8380C14A9E',1678352568585736,23219);

INSERT INTO account VALUES('0x5173829b2Daeac6FfbCcc10E6B351D8380C14A9E',1678352568585736,23219) ON CONFLICT(address)  DO UPDATE SET (address,balance,txcount) = ('0x5173829b2Daeac6FfbCcc10E6B351D8380C14A9E',1678352568585736,23219);

INSERT INTO TX VALUES ( '0x2804323f5a87ac8410c38fc1ef49734a8bfa1d7deba1e5dd33fc948cb5ddb82f' , 3500020 , 'None' , 145085 , 250000 , 20000000000 , 29493 , '0xd0e30db0' , '[AttributeDict({address: 0x8d12A197cB00D4747a1fe03395095ce2A5CC6819, blockHash: HexBytes(0x9831a0c680d5799ec5519c0ce41f6917bb4c54c41d7025658d862b10edef71bf), blockNumber: 3500020, data: 0x000000000000000000000000000000000000000000000000000000000000000000000000000000000000000078e3b295b9c9bb36c855cb80675ab4a1194931ac00000000000000000000000000000000000000000000000001434c04928f8000000000000000000000000000000000000000000000000000026db992a3b18000, logIndex: 7, removed: False, topics: [HexBytes(0xdcbc1c05240f31ff3ad067ef1ee35ce4997762752e3a095284754544f4c709d7)], transactionHash: HexBytes(0x2804323f5a87ac8410c38fc1ef49734a8bfa1d7deba1e5dd33fc948cb5ddb82f), transactionIndex: 3})]' , '0x00000000000000000000000000000000000000000000000000000000000000080000000000000000000000000000000000000000000000000000000000000000000000400000000000000000000000000000000000000000000000000000000000000000000000000000000000000000000000000004000000000000000000000000000000000000000000000000000000000000000000000000000000000000000000000000000000000000000000000000000000008000000000000000000000000000000000000000000000000000000000040008000000000000000000000000000000000000000000000000000000000000000000000000000000000000' , '0xc444583183226e8e1f17efff844789a223b19b33a3f9caea6c4911c00703d49b' , '0x1ee59b7de4719a8828bef4b883e2ea1c1f00a34cbfbd8512e3a7302658358d5f' , -1 , 3 , 27 ,589860000000000);
INSERT INTO Quick VALUES ( '0x2804323f5a87ac8410c38fc1ef49734a8bfa1d7deba1e5dd33fc948cb5ddb82f' , 'None' , 'None' , 3500020 , '0x78e3b295B9c9bb36C855CB80675Ab4A1194931Ac' , 44 , '0x8d12A197cB00D4747a1fe03395095ce2A5CC6819' , '91000000000000000' );
INSERT INTO account VALUES('0x78e3b295B9c9bb36C855CB80675Ab4A1194931Ac',5020646577198891,178) ON CONFLICT(address)  DO UPDATE SET (address,balance,txcount) = ('0x78e3b295B9c9bb36C855CB80675Ab4A1194931Ac',5020646577198891,178);

INSERT INTO contract VALUES('0x8d12A197cB00D4747a1fe03395095ce2A5CC6819') ON CONFLICT(address)  DO UPDATE SET address = '0x8d12A197cB00D4747a1fe03395095ce2A5CC6819';

INSERT INTO TX VALUES ( '0x4184a46516fdcbc6767b1f66bd6778f5893d106b023c2406f8c2b3d68eb204ea' , 3500020 , 'None' , 210821 , 940000 , 20000000000 , 65736 , '0xe1fa8e84396f448b5d002d2defeea00095619e0c6552f8e73d35cb4e9ac218a73cd33c1d' , '[AttributeDict({address: 0xCD111aa492a9c77a367C36E6D6AF8e6f212E0C8E, blockHash: HexBytes(0x9831a0c680d5799ec5519c0ce41f6917bb4c54c41d7025658d862b10edef71bf), blockNumber: 3500020, data: 0x396f448b5d002d2defeea00095619e0c6552f8e73d35cb4e9ac218a73cd33c1d, logIndex: 8, removed: False, topics: [HexBytes(0x78e4fc71ff7e525b3b4660a76336a2046232fd9bba9c65abb22fa3d07d6e7066)], transactionHash: HexBytes(0x4184a46516fdcbc6767b1f66bd6778f5893d106b023c2406f8c2b3d68eb204ea), transactionIndex: 4})]' , '0x00000000000000000000000000000000000000000000000000000000000020000000000000000000000000040000000000000000000000000000000000000000000000000000000000000000000000000000000000000000000000000000000001000000000000000000000000000000000000000000000000000000000000000000000000000000000000000000000000000000000000000000000000000000000000000000000000000000000000000000000000000000000000000000000000000000000000000000000000000000000000000000000000120000000000200000000000000000000000000000000000000000000000000000000000000000' , '0xc2c78efb99054ae62d68cab2ac21fd3713c150a8556459c23def49b4330205ab' , '0x7231e05ffc5176cce18cc2981922e2689963c9ae18ad5ab0f773a9a1a2dd591a' , -1 , 4 , 28 ,1314720000000000);
INSERT INTO Quick VALUES ( '0x4184a46516fdcbc6767b1f66bd6778f5893d106b023c2406f8c2b3d68eb204ea' , 'None' , 'None' , 3500020 , '0x00472c1e4275230354dbe5007A5976053f12610a' , 265412 , '0xCD111aa492a9c77a367C36E6D6AF8e6f212E0C8E' , '0' );
INSERT INTO account VALUES('0x00472c1e4275230354dbe5007A5976053f12610a',12528022663650803194,745176) ON CONFLICT(address)  DO UPDATE SET (address,balance,txcount) = ('0x00472c1e4275230354dbe5007A5976053f12610a',12528022663650803194,745176);

INSERT INTO contract VALUES('0xCD111aa492a9c77a367C36E6D6AF8e6f212E0C8E') ON CONFLICT(address)  DO UPDATE SET address = '0xCD111aa492a9c77a367C36E6D6AF8e6f212E0C8E';

INSERT INTO TX VALUES ( '0x4d572f7f7e701094e937c79c62ce9c12992f975e37bfb3c428b12fb22a7c871d' , 3500020 , 'None' , 231821 , 21000 , 20000000000 , 21000 , '0x' , '[]' , '0x00000000000000000000000000000000000000000000000000000000000000000000000000000000000000000000000000000000000000000000000000000000000000000000000000000000000000000000000000000000000000000000000000000000000000000000000000000000000000000000000000000000000000000000000000000000000000000000000000000000000000000000000000000000000000000000000000000000000000000000000000000000000000000000000000000000000000000000000000000000000000000000000000000000000000000000000000000000000000000000000000000000000000000000000000000000' , '0x18f5f9827c0297a336123c0e38d4a0324e187b7d270b042916fa3c3b3260ed7f' , '0x7db72111f5c4ede11120b07b92bb80e855b24d9bedfec20ced59bc407c492931' , -1 , 5 , 37 ,420000000000000);
INSERT INTO Quick VALUES ( '0x4d572f7f7e701094e937c79c62ce9c12992f975e37bfb3c428b12fb22a7c871d' , 'None' , 'None' , 3500020 , '0xe55fDEaA6a72eeAf8fe963495700D01C711d4A2c' , 2 , '0x328b87113C151Ea1820EB9238281Fd3832E2a487' , '9949538000000000000' );
INSERT INTO account VALUES('0xe55fDEaA6a72eeAf8fe963495700D01C711d4A2c',2029510110208000,16) ON CONFLICT(address)  DO UPDATE SET (address,balance,txcount) = ('0xe55fDEaA6a72eeAf8fe963495700D01C711d4A2c',2029510110208000,16);

INSERT INTO account VALUES('0x328b87113C151Ea1820EB9238281Fd3832E2a487',23277390000000000,5) ON CONFLICT(address)  DO UPDATE SET (address,balance,txcount) = ('0x328b87113C151Ea1820EB9238281Fd3832E2a487',23277390000000000,5);

INSERT INTO TX VALUES ( '0x530a16e6dc4e512c3efc605ba6c142edcbb9579e84bdd0922f07f5523c1df2d9' , 3500020 , 'None' , 282192 , 800000 , 20000000000 , 50371 , '0x40c10f19000000000000000000000000bd897c8885b40d014fb7941b3043b21adcc9ca1c000000000000000000000000000000000000000000000000000000000000000a' , '[AttributeDict({address: 0x6D4bB1cb0Ec716dd764c44c6cb1c3E5E552eBdD3, blockHash: HexBytes(0x9831a0c680d5799ec5519c0ce41f6917bb4c54c41d7025658d862b10edef71bf), blockNumber: 3500020, data: 0x000000000000000000000000000000000000000000000000000000000000000a, logIndex: 9, removed: False, topics: [HexBytes(0xab8530f87dc9b59234c4623bf917212bb2536d647574c8e7e5da92c2ede0c9f8), HexBytes(0x00000000000000000000000000269400181f1b379784bd8cdf786bb20e91bdef), HexBytes(0x000000000000000000000000bd897c8885b40d014fb7941b3043b21adcc9ca1c)], transactionHash: HexBytes(0x530a16e6dc4e512c3efc605ba6c142edcbb9579e84bdd0922f07f5523c1df2d9), transactionIndex: 6})]' , '0x00000000000000000000000000000000000000000000000000000100000000000000000000000000000000000000000000000000000000000000000000000000000000000000000000000000800080000000000000000000000000000000000000020000000000000000000000000000000000001000000000000000000000000000000000000000000000000000000000000000020000000000000000000000000000000000000000000000000000000000000000000000000000000000000000000000000002000000000000000000000000000000000000000000000100100000000000000000000000000001000000000000000800000000040000000000' , '0xf8ff99be6071ab251bf3dea214793f9a9703b71031a9dd03aeb2da559f7dbdd7' , '0x69581114b3b67a4530b322d9052bd933bd426b5ac71a84de57238cdd88d8d8ef' , -1 , 6 , 37 ,1007420000000000);
INSERT INTO Quick VALUES ( '0x530a16e6dc4e512c3efc605ba6c142edcbb9579e84bdd0922f07f5523c1df2d9' , 'None' , 'None' , 3500020 , '0x00269400181f1B379784BD8cDF786bb20e91Bdef' , 70 , '0x6D4bB1cb0Ec716dd764c44c6cb1c3E5E552eBdD3' , '0' );
INSERT INTO account VALUES('0x00269400181f1B379784BD8cDF786bb20e91Bdef',1033536141335814000,103) ON CONFLICT(address)  DO UPDATE SET (address,balance,txcount) = ('0x00269400181f1B379784BD8cDF786bb20e91Bdef',1033536141335814000,103);

INSERT INTO contract VALUES('0x6D4bB1cb0Ec716dd764c44c6cb1c3E5E552eBdD3') ON CONFLICT(address)  DO UPDATE SET address = '0x6D4bB1cb0Ec716dd764c44c6cb1c3E5E552eBdD3';

INSERT INTO TX VALUES ( '0x5c99290d1a8ac122c536ddd8176bca2a4ba9860aaf7c711d2e716b4c78056685' , 3500020 , 'None' , 303192 , 21000 , 20000000000 , 21000 , '0x' , '[]' , '0x00000000000000000000000000000000000000000000000000000000000000000000000000000000000000000000000000000000000000000000000000000000000000000000000000000000000000000000000000000000000000000000000000000000000000000000000000000000000000000000000000000000000000000000000000000000000000000000000000000000000000000000000000000000000000000000000000000000000000000000000000000000000000000000000000000000000000000000000000000000000000000000000000000000000000000000000000000000000000000000000000000000000000000000000000000000' , '0x60599a6b6d257361a9af796213582b0d665398c7bcf4a20415d1317345c26687' , '0x1102ecadf9cf670f25529540c0416e784f9fb36565da8152cde4cc73184d4431' , -1 , 7 , 38 ,420000000000000);
INSERT INTO Quick VALUES ( '0x5c99290d1a8ac122c536ddd8176bca2a4ba9860aaf7c711d2e716b4c78056685' , 'None' , 'None' , 3500020 , '0xaf50cF4bA0347640cA07fd9853C796D1c05Ae502' , 0 , '0x328b87113C151Ea1820EB9238281Fd3832E2a487' , '1989538000000000000' );
INSERT INTO account VALUES('0xaf50cF4bA0347640cA07fd9853C796D1c05Ae502',541099999999999,13) ON CONFLICT(address)  DO UPDATE SET (address,balance,txcount) = ('0xaf50cF4bA0347640cA07fd9853C796D1c05Ae502',541099999999999,13);

INSERT INTO account VALUES('0x328b87113C151Ea1820EB9238281Fd3832E2a487',23277390000000000,5) ON CONFLICT(address)  DO UPDATE SET (address,balance,txcount) = ('0x328b87113C151Ea1820EB9238281Fd3832E2a487',23277390000000000,5);

INSERT INTO TX VALUES ( '0x793a3af3e7b7a34c2a5efe288c31e0bc9d86e3bf8aeaf9b2e0f071b0e32882a9' , 3500020 , 'None' , 324192 , 21000 , 20000000000 , 21000 , '0x' , '[]' , '0x00000000000000000000000000000000000000000000000000000000000000000000000000000000000000000000000000000000000000000000000000000000000000000000000000000000000000000000000000000000000000000000000000000000000000000000000000000000000000000000000000000000000000000000000000000000000000000000000000000000000000000000000000000000000000000000000000000000000000000000000000000000000000000000000000000000000000000000000000000000000000000000000000000000000000000000000000000000000000000000000000000000000000000000000000000000' , '0x92c89ce727332b825b12e3c63319c0d82e61d25de1251663e87f118a57720f2b' , '0x51d3353d2ff6302acff69887b7d0a390535440e0a9f7a51e365a33a239ef07dc' , -1 , 8 , 37 ,420000000000000);
INSERT INTO Quick VALUES ( '0x793a3af3e7b7a34c2a5efe288c31e0bc9d86e3bf8aeaf9b2e0f071b0e32882a9' , 'None' , 'None' , 3500020 , '0x600eDdd890fFe996684e2Bb312940e5d059bb52A' , 0 , '0x328b87113C151Ea1820EB9238281Fd3832E2a487' , '2288038000000000000' );
INSERT INTO account VALUES('0x600eDdd890fFe996684e2Bb312940e5d059bb52A',140780187745000,13) ON CONFLICT(address)  DO UPDATE SET (address,balance,txcount) = ('0x600eDdd890fFe996684e2Bb312940e5d059bb52A',140780187745000,13);

INSERT INTO account VALUES('0x328b87113C151Ea1820EB9238281Fd3832E2a487',23277390000000000,5) ON CONFLICT(address)  DO UPDATE SET (address,balance,txcount) = ('0x328b87113C151Ea1820EB9238281Fd3832E2a487',23277390000000000,5);

INSERT INTO TX VALUES ( '0xbc28e02fa65bb553ab6e15a7000eec93f0cb61da45e58679a3055dbb3b5ea6d9' , 3500020 , 'None' , 345192 , 21000 , 20000000000 , 21000 , '0x' , '[]' , '0x00000000000000000000000000000000000000000000000000000000000000000000000000000000000000000000000000000000000000000000000000000000000000000000000000000000000000000000000000000000000000000000000000000000000000000000000000000000000000000000000000000000000000000000000000000000000000000000000000000000000000000000000000000000000000000000000000000000000000000000000000000000000000000000000000000000000000000000000000000000000000000000000000000000000000000000000000000000000000000000000000000000000000000000000000000000' , '0xf79ff1fc2a4fd0e48ff7c556794ee73844a59948bff09dda350af1de583ec5d5' , '0x2413484eed3afa99efcd45c4c0d726354f36b991896c7f01e83b745b2bd45f1f' , -1 , 9 , 37 ,420000000000000);
INSERT INTO Quick VALUES ( '0xbc28e02fa65bb553ab6e15a7000eec93f0cb61da45e58679a3055dbb3b5ea6d9' , 'None' , 'None' , 3500020 , '0x516680CC893Ed4F57d0aa8b2B3969f1973379cb8' , 2 , '0x328b87113C151Ea1820EB9238281Fd3832E2a487' , '9531638000000000000' );
INSERT INTO account VALUES('0x516680CC893Ed4F57d0aa8b2B3969f1973379cb8',447553404242000,26) ON CONFLICT(address)  DO UPDATE SET (address,balance,txcount) = ('0x516680CC893Ed4F57d0aa8b2B3969f1973379cb8',447553404242000,26);

INSERT INTO account VALUES('0x328b87113C151Ea1820EB9238281Fd3832E2a487',23277390000000000,5) ON CONFLICT(address)  DO UPDATE SET (address,balance,txcount) = ('0x328b87113C151Ea1820EB9238281Fd3832E2a487',23277390000000000,5);

INSERT INTO TX VALUES ( '0xc4ab5d4375affd34e23698e9933b70b6acc9dae480089ebec360cbfebda68c74' , 3500020 , 'None' , 366192 , 21000 , 20000000000 , 21000 , '0x' , '[]' , '0x00000000000000000000000000000000000000000000000000000000000000000000000000000000000000000000000000000000000000000000000000000000000000000000000000000000000000000000000000000000000000000000000000000000000000000000000000000000000000000000000000000000000000000000000000000000000000000000000000000000000000000000000000000000000000000000000000000000000000000000000000000000000000000000000000000000000000000000000000000000000000000000000000000000000000000000000000000000000000000000000000000000000000000000000000000000' , '0xafc25f7f176ea6323f4dadfa82f54910295e2247fc829272889162fe6baeff68' , '0x03ba1287ade3e1278d761c7237ea154641d67af20492fe5a5c868be2f5f55e14' , -1 , 10 , 37 ,420000000000000);
INSERT INTO Quick VALUES ( '0xc4ab5d4375affd34e23698e9933b70b6acc9dae480089ebec360cbfebda68c74' , 'None' , 'None' , 3500020 , '0x3aE80D63a4dC07de6AF9bd81F47CE7cCE4edE28B' , 0 , '0x328b87113C151Ea1820EB9238281Fd3832E2a487' , '10801338000000000000' );
INSERT INTO account VALUES('0x3aE80D63a4dC07de6AF9bd81F47CE7cCE4edE28B',3098795630240000,25) ON CONFLICT(address)  DO UPDATE SET (address,balance,txcount) = ('0x3aE80D63a4dC07de6AF9bd81F47CE7cCE4edE28B',3098795630240000,25);

INSERT INTO account VALUES('0x328b87113C151Ea1820EB9238281Fd3832E2a487',23277390000000000,5) ON CONFLICT(address)  DO UPDATE SET (address,balance,txcount) = ('0x328b87113C151Ea1820EB9238281Fd3832E2a487',23277390000000000,5);

INSERT INTO TX VALUES ( '0x07569caab141622d2a9445b2f15204ab52dac454c44d0ffde75cafe9398f03a3' , 3500020 , 'None' , 432056 , 940000 , 20000000000 , 65864 , '0xe1fa8e84f6018ed350fb415b181358c5e86c2b22a630a8b5c12682f0850452b07ddb7485' , '[AttributeDict({address: 0xCD111aa492a9c77a367C36E6D6AF8e6f212E0C8E, blockHash: HexBytes(0x9831a0c680d5799ec5519c0ce41f6917bb4c54c41d7025658d862b10edef71bf), blockNumber: 3500020, data: 0xf6018ed350fb415b181358c5e86c2b22a630a8b5c12682f0850452b07ddb7485, logIndex: 10, removed: False, topics: [HexBytes(0x78e4fc71ff7e525b3b4660a76336a2046232fd9bba9c65abb22fa3d07d6e7066)], transactionHash: HexBytes(0x07569caab141622d2a9445b2f15204ab52dac454c44d0ffde75cafe9398f03a3), transactionIndex: 11})]' , '0x00000000000000000000000000000000000000000000000000000000000020000000000000000000000000040000000000000000000000000000000000000000000000000000000000000000000000000000000000000000000000000000000001000000000000000000000000000000000000000000000000000000000000000000000000000000000000000000000000000000000000000000000000000000000000000000000000000000000000000000000000000000000000000000000000000000000000000000000000000000000000000000000000120000000000200000000000000000000000000000000000000000000000000000000000000000' , '0x22dce3bb6b42bce800989b67407c76be07194debef330fcda61783ad6013e3b4' , '0x461a755557240c894904f5b539b06776e8a380042caeceaffa9e62836312def9' , -1 , 11 , 28 ,1317280000000000);
INSERT INTO Quick VALUES ( '0x07569caab141622d2a9445b2f15204ab52dac454c44d0ffde75cafe9398f03a3' , 'None' , 'None' , 3500020 , '0x00472c1e4275230354dbe5007A5976053f12610a' , 265413 , '0xCD111aa492a9c77a367C36E6D6AF8e6f212E0C8E' , '0' );
INSERT INTO account VALUES('0x00472c1e4275230354dbe5007A5976053f12610a',12528022663650803194,745176) ON CONFLICT(address)  DO UPDATE SET (address,balance,txcount) = ('0x00472c1e4275230354dbe5007A5976053f12610a',12528022663650803194,745176);

INSERT INTO contract VALUES('0xCD111aa492a9c77a367C36E6D6AF8e6f212E0C8E') ON CONFLICT(address)  DO UPDATE SET address = '0xCD111aa492a9c77a367C36E6D6AF8e6f212E0C8E';

UPDATE block 
 SET totalFee =5.00864112
 WHERE blockNumber = 3500020;INSERT INTO block VALUES ( 3500021 , 0 , '0x69c1705ed60b23f86461135515f0edb3ad339852d7507988846ab4fa969c4233' , '0x00000000000000000000000000000000000000000000000000000000000000000000000000000000000000000000000000000000000000000000000000000000000000000000000000000000000000000000000000000000000000000000000000000000000000000000000000000000000000000000000000000000000000000000000000000000000000000000000000000000000000000000000000000000000000000000000000000000000000000000000000000000000000000000000000000000000000000000000000000000000000000000000000000000000000000000000000000000000000000000000000000000000000000000000000000000' , '0x59dffafc00f7dec0' , '251330640393280' , '0x657468706f6f6c202d20555331' , 4258922 , '0x4Bb96091Ee9D802ED039C4D1a5f6216F90f81B01' , '0xa8b162348c37850354e564a9214aa04c7cdbe85cc8260c7afbaec8d7177fb3da' , '0x9831a0c680d5799ec5519c0ce41f6917bb4c54c41d7025658d862b10edef71bf' , '0x56e81f171bcc55a6ff8345e692c0f86e5b48e01b996cadc001622fb5e363b421' , '0x1dcc4de8dec75d7aab85b567b6ccd41ad312451b948a7413f0a142fd40d49347' , 530 , '0xae1e672f7e80b0810c864f59f634a73a49a05ca560feb4f5c32f1c8937933cdf' , 1491667441 , '199311045564887298004' , '0x56e81f171bcc55a6ff8345e692c0f86e5b48e01b996cadc001622fb5e363b421' , '[]' ,44.339554);
INSERT INTO account VALUES('0x4Bb96091Ee9D802ED039C4D1a5f6216F90f81B01',48932927268397888599,301233) ON CONFLICT(address)  DO UPDATE SET (address,balance,txcount) = ('0x4Bb96091Ee9D802ED039C4D1a5f6216F90f81B01',48932927268397888599,301233);

UPDATE block 
 SET totalFee =5
 WHERE blockNumber = 3500021;INSERT INTO block VALUES ( 3500022 , 137982 , '0x5733c3886b65db4ea67568fc94ca4570be56533b6575fae38aea3f7e470117c2' , '0x00000000000000000000000000000000000000000000000000000000000000000000000000000000000400040000000000000000000000000000000000000000000000000000800000000000000000000000000000000000000000000000000000000000000000000000000000000000000000000000000000000000000000000000000000020000000000000000000000000000000000000000000000000000002000000000000000000000000000000000000000000000000000000000000000000000000000000000000000000000000000000000000000000000000000000000000000000000200000000000000000000000000000000000000000000000' , '0x1d64a3b500c78a5d' , '251461950367126' , '0xd58301040c8650617269747986312e31352e31826c69' , 4254778 , '0xF3b9D2c81f2b24b0fa0ACaAa865b7D9CED5FC2fb' , '0xef3ffd640574f5432572b98c021993ace8bbcfe5afe8c368b661958b5b66824f' , '0x69c1705ed60b23f86461135515f0edb3ad339852d7507988846ab4fa969c4233' , '0xc19859c323223aafa154c0ae5e627e31bea7ff2303222a6f1858b63ca6e89e5a' , '0x1dcc4de8dec75d7aab85b567b6ccd41ad312451b948a7413f0a142fd40d49347' , 1237 , '0x3d7d1502ce50d80558d443eaf634a8912e2c8ba228becbf6f2405d53d6b195ae' , 1491667442 , '199311297026837665130' , '0x3191c3048e7727dc6d51a22a123db3ad66f85516a91d860dca3b6f128b310746' , '[]' ,44.339554);
INSERT INTO account VALUES('0xF3b9D2c81f2b24b0fa0ACaAa865b7D9CED5FC2fb',1192224407798134441,44) ON CONFLICT(address)  DO UPDATE SET (address,balance,txcount) = ('0xF3b9D2c81f2b24b0fa0ACaAa865b7D9CED5FC2fb',1192224407798134441,44);

INSERT INTO TX VALUES ( '0x08e212b2207e84cd32ec025e83928c35515e53dfd48075fad917a4c6a5d3153a' , 3500022 , 'None' , 53982 , 128825 , 20000000000 , 53982 , '0x665bcc32000000000000000000000000000000000000000000000000000000000000004000000000000000000000000000000000000000000000000000000000000000000000000000000000000000000000000000000000000000000000000000000001000000000000000000000000000000000000000000000000000000000000038e' , '[AttributeDict({address: 0xDfC328c19C8De45ac0117f836646378c10e0CdA3, blockHash: HexBytes(0x5733c3886b65db4ea67568fc94ca4570be56533b6575fae38aea3f7e470117c2), blockNumber: 3500022, data: 0x00000000000000000000000032c277d5b58cb03dac62c3a16dce9aa734b9d86f0000000000000000000000000000000000000000000000000000000000000014000000000000000000000000000000000000000000000000000000000000038e, logIndex: 0, removed: False, topics: [HexBytes(0x38a332eb3aa0f3c1f4139e60234dbd0ad329da0a423413df4ca5936f2f733d81)], transactionHash: HexBytes(0x08e212b2207e84cd32ec025e83928c35515e53dfd48075fad917a4c6a5d3153a), transactionIndex: 0})]' , '0x00000000000000000000000000000000000000000000000000000000000000000000000000000000000400040000000000000000000000000000000000000000000000000000800000000000000000000000000000000000000000000000000000000000000000000000000000000000000000000000000000000000000000000000000000020000000000000000000000000000000000000000000000000000002000000000000000000000000000000000000000000000000000000000000000000000000000000000000000000000000000000000000000000000000000000000000000000000200000000000000000000000000000000000000000000000' , '0x50b8dbf4c57634256a307a793cbbe23f7c766621ae411bb2fc32b3f1ffccb505' , '0x2a77c42eba476a17eaa7be92dc81c3e1a2f9490f7d47db1c0210481c04e72b35' , -1 , 0 , 38 ,1079640000000000);
INSERT INTO Quick VALUES ( '0x08e212b2207e84cd32ec025e83928c35515e53dfd48075fad917a4c6a5d3153a' , 'None' , 'None' , 3500022 , '0xa92D36DC1CA4f505f1886503A0626c4aa8106497' , 5744 , '0xDfC328c19C8De45ac0117f836646378c10e0CdA3' , '0' );
INSERT INTO account VALUES('0xa92D36DC1CA4f505f1886503A0626c4aa8106497',21655322511507833,23507) ON CONFLICT(address)  DO UPDATE SET (address,balance,txcount) = ('0xa92D36DC1CA4f505f1886503A0626c4aa8106497',21655322511507833,23507);

INSERT INTO contract VALUES('0xDfC328c19C8De45ac0117f836646378c10e0CdA3') ON CONFLICT(address)  DO UPDATE SET address = '0xDfC328c19C8De45ac0117f836646378c10e0CdA3';

INSERT INTO TX VALUES ( '0xe38ff85ca50856f816cc9532dd52996ad071041f2bbcda5e72c9a8b94da36dc3' , 3500022 , 'None' , 74982 , 90000 , 20000000000 , 21000 , '0x' , '[]' , '0x00000000000000000000000000000000000000000000000000000000000000000000000000000000000000000000000000000000000000000000000000000000000000000000000000000000000000000000000000000000000000000000000000000000000000000000000000000000000000000000000000000000000000000000000000000000000000000000000000000000000000000000000000000000000000000000000000000000000000000000000000000000000000000000000000000000000000000000000000000000000000000000000000000000000000000000000000000000000000000000000000000000000000000000000000000000' , '0xffc60b4c2d0542abb77697fc4a112ec072cb8cf8ad5e4e18e8cd6d82d702e874' , '0x1de3b4a6b265f7a805ea550f4bac12234e3e721c7d5bbc64f7926fbbc639ce3e' , -1 , 1 , 38 ,420000000000000);
INSERT INTO Quick VALUES ( '0xe38ff85ca50856f816cc9532dd52996ad071041f2bbcda5e72c9a8b94da36dc3' , 'None' , 'None' , 3500022 , '0x91337A300e0361BDDb2e377DD4e88CCB7796663D' , 30294 , '0x88534B760E72E4B848f77BD27e280D34b9eEf64A' , '3020000000000000000' );
INSERT INTO account VALUES('0x91337A300e0361BDDb2e377DD4e88CCB7796663D',200010439353882,100413) ON CONFLICT(address)  DO UPDATE SET (address,balance,txcount) = ('0x91337A300e0361BDDb2e377DD4e88CCB7796663D',200010439353882,100413);

INSERT INTO account VALUES('0x88534B760E72E4B848f77BD27e280D34b9eEf64A',9121482000000000,39) ON CONFLICT(address)  DO UPDATE SET (address,balance,txcount) = ('0x88534B760E72E4B848f77BD27e280D34b9eEf64A',9121482000000000,39);

INSERT INTO TX VALUES ( '0xe48841a6fe8cca9ac05dc8f7f9d92e37a3da0ee5cd9e61a92bfcff77f7c467dc' , 3500022 , 'None' , 95982 , 90000 , 20000000000 , 21000 , '0x' , '[]' , '0x00000000000000000000000000000000000000000000000000000000000000000000000000000000000000000000000000000000000000000000000000000000000000000000000000000000000000000000000000000000000000000000000000000000000000000000000000000000000000000000000000000000000000000000000000000000000000000000000000000000000000000000000000000000000000000000000000000000000000000000000000000000000000000000000000000000000000000000000000000000000000000000000000000000000000000000000000000000000000000000000000000000000000000000000000000000' , '0xf3e44d04558f938f38c3bef8783e1b8df4686202ab57586b14005e39019a7a90' , '0x6ad19c1ce0ed031cf110c843a385d5c2c5189b9c18ea38ffb5d085827d19cfda' , -1 , 2 , 38 ,420000000000000);
INSERT INTO Quick VALUES ( '0xe48841a6fe8cca9ac05dc8f7f9d92e37a3da0ee5cd9e61a92bfcff77f7c467dc' , 'None' , 'None' , 3500022 , '0xEA674fdDe714fd979de3EdF0F56AA9716B898ec8' , 1563980 , '0x82bfB3f6862aBEed66F62C9496BAFB2c0E6AEC27' , '195505978012875230' );
INSERT INTO account VALUES('0xEA674fdDe714fd979de3EdF0F56AA9716B898ec8',748434711559809738858,26650893) ON CONFLICT(address)  DO UPDATE SET (address,balance,txcount) = ('0xEA674fdDe714fd979de3EdF0F56AA9716B898ec8',748434711559809738858,26650893);

INSERT INTO account VALUES('0x82bfB3f6862aBEed66F62C9496BAFB2c0E6AEC27',0,257) ON CONFLICT(address)  DO UPDATE SET (address,balance,txcount) = ('0x82bfB3f6862aBEed66F62C9496BAFB2c0E6AEC27',0,257);

INSERT INTO TX VALUES ( '0xc627c3e245242aab6898c8ae00d20ad22c89e8928d47ec441e1ac4ca51bc8045' , 3500022 , 'None' , 116982 , 90000 , 20000000000 , 21000 , '0x' , '[]' , '0x00000000000000000000000000000000000000000000000000000000000000000000000000000000000000000000000000000000000000000000000000000000000000000000000000000000000000000000000000000000000000000000000000000000000000000000000000000000000000000000000000000000000000000000000000000000000000000000000000000000000000000000000000000000000000000000000000000000000000000000000000000000000000000000000000000000000000000000000000000000000000000000000000000000000000000000000000000000000000000000000000000000000000000000000000000000' , '0x5892ecb59682a10e9357f5f1c1ed42536032b044100cdaaf09379fb03ba03326' , '0x6af63eb8af924b3032ac43b2766c76c825d151f5269bd3236c181140f887f577' , -1 , 3 , 38 ,420000000000000);
INSERT INTO Quick VALUES ( '0xc627c3e245242aab6898c8ae00d20ad22c89e8928d47ec441e1ac4ca51bc8045' , 'None' , 'None' , 3500022 , '0xEA674fdDe714fd979de3EdF0F56AA9716B898ec8' , 1563981 , '0x857A6253c09bD2aa852899C8985a43637a07822e' , '1002190112792539500' );
INSERT INTO account VALUES('0xEA674fdDe714fd979de3EdF0F56AA9716B898ec8',748434711559809738858,26650893) ON CONFLICT(address)  DO UPDATE SET (address,balance,txcount) = ('0xEA674fdDe714fd979de3EdF0F56AA9716B898ec8',748434711559809738858,26650893);

INSERT INTO account VALUES('0x857A6253c09bD2aa852899C8985a43637a07822e',31303336238532482,97) ON CONFLICT(address)  DO UPDATE SET (address,balance,txcount) = ('0x857A6253c09bD2aa852899C8985a43637a07822e',31303336238532482,97);

INSERT INTO TX VALUES ( '0x723953f3ac49968f2ce5687b41afa613e4293ac1a0dc912fc2080ef827f37e2d' , 3500022 , 'None' , 137982 , 90000 , 20000000000 , 21000 , '0x' , '[]' , '0x00000000000000000000000000000000000000000000000000000000000000000000000000000000000000000000000000000000000000000000000000000000000000000000000000000000000000000000000000000000000000000000000000000000000000000000000000000000000000000000000000000000000000000000000000000000000000000000000000000000000000000000000000000000000000000000000000000000000000000000000000000000000000000000000000000000000000000000000000000000000000000000000000000000000000000000000000000000000000000000000000000000000000000000000000000000' , '0xcf6a25d8fc00d91ae9b5d8f0f40007987ad556397964f2f5b05804cfa5ab3710' , '0x605ae8cf0beb67650ef6119c0b72f8398e8ac574c5ec29c7fa020b193c4ff0f4' , -1 , 4 , 38 ,420000000000000);
INSERT INTO Quick VALUES ( '0x723953f3ac49968f2ce5687b41afa613e4293ac1a0dc912fc2080ef827f37e2d' , 'None' , 'None' , 3500022 , '0xEA674fdDe714fd979de3EdF0F56AA9716B898ec8' , 1563982 , '0x88AeDDD3896E3db793102e3FB87bA62e719E1281' , '1001113569974401200' );
INSERT INTO account VALUES('0xEA674fdDe714fd979de3EdF0F56AA9716B898ec8',748434711559809738858,26650893) ON CONFLICT(address)  DO UPDATE SET (address,balance,txcount) = ('0xEA674fdDe714fd979de3EdF0F56AA9716B898ec8',748434711559809738858,26650893);

INSERT INTO account VALUES('0x88AeDDD3896E3db793102e3FB87bA62e719E1281',76523498873511128,119) ON CONFLICT(address)  DO UPDATE SET (address,balance,txcount) = ('0x88AeDDD3896E3db793102e3FB87bA62e719E1281',76523498873511128,119);

UPDATE block 
 SET totalFee =5.00275964
 WHERE blockNumber = 3500022;INSERT INTO block VALUES ( 3500023 , 0 , '0x390a7520792ebfad8a7fabd22fd01d15733a6bb242c5df85b0260f3e2d136e82' , '0x00000000000000000000000000000000000000000000000000000000000000000000000000000000000000000000000000000000000000000000000000000000000000000000000000000000000000000000000000000000000000000000000000000000000000000000000000000000000000000000000000000000000000000000000000000000000000000000000000000000000000000000000000000000000000000000000000000000000000000000000000000000000000000000000000000000000000000000000000000000000000000000000000000000000000000000000000000000000000000000000000000000000000000000000000000000' , '0x60ae1b3002c5dd33' , '251593324457170' , '0xe4b883e5bda9e7a59ee4bb99e9b1bc' , 4250826 , '0x61C808D82A3Ac53231750daDc13c777b59310bD9' , '0xaffc233880d25c8ba16afff97244704b19af4e9aa89f17e1f642c865620d7aea' , '0x5733c3886b65db4ea67568fc94ca4570be56533b6575fae38aea3f7e470117c2' , '0x56e81f171bcc55a6ff8345e692c0f86e5b48e01b996cadc001622fb5e363b421' , '0x1dcc4de8dec75d7aab85b567b6ccd41ad312451b948a7413f0a142fd40d49347' , 532 , '0x5876da9ab48d207d07f09c080d7597af7ffa50c1530ff27e4fe1b010cb911fba' , 1491667451 , '199311548620162122300' , '0x56e81f171bcc55a6ff8345e692c0f86e5b48e01b996cadc001622fb5e363b421' , '[]' ,44.339554);
INSERT INTO account VALUES('0x61C808D82A3Ac53231750daDc13c777b59310bD9',44999998752693000000000,995042) ON CONFLICT(address)  DO UPDATE SET (address,balance,txcount) = ('0x61C808D82A3Ac53231750daDc13c777b59310bD9',44999998752693000000000,995042);

UPDATE block 
 SET totalFee =5
 WHERE blockNumber = 3500023;