
    CREATE TABLE IF NOT EXISTS block ( 
     blockNumber BIGINT PRIMARY KEY,
     blockGasUsed NUMERIC, 
     blockHash TEXT, 
     blockLogsBloom TEXT, 
     blockNonce TEXT, 
     difficulty TEXT, 
     extraData TEXT, 
     gasLimit BIGINT, 
     miner TEXT, 
     mixHash TEXT,
     parentHash TEXT, 
     receiptsRoot TEXT, 
     sha3Uncles TEXT, 
     size BIGINT, 
     stateRoot TEXT, 
     timestamp BIGINT, 
     totalDifficulty TEXT, 
     transactionsRoot TEXT, 
     uncles TEXT,
     dollarquote DECIMAL(12,6),
     totalFee NUMERIC DEFAULT null
     );
    

    CREATE TABLE IF NOT EXISTS Quick (
     txHash TEXT PRIMARY KEY,
     balanceFrom TEXT,
     balanceTo TEXT,
     blockNumber BIGINT REFERENCES block(blockNumber), 
     sender TEXT,
     nonce BIGINT, 
     recipient TEXT,
     value TEXT);
    

    CREATE TABLE IF NOT EXISTS TX (
     txHash TEXT PRIMARY KEY,    
     blockNumber BIGINT REFERENCES block(blockNumber),
     contractAddress TEXT,
     cumulativeGasUsed NUMERIC, 
     gas NUMERIC, 
     gasPrice NUMERIC, 
     gasUsed NUMERIC,
     input TEXT, 
     logs TEXT, 
     logsBloom TEXT, 
     r TEXT, 
     s TEXT, 
     status BIGINT, 
     transactionIndex BIGINT, 
     v INTEGER ,
     fee NUMERIC);
           
    CREATE TABLE IF NOT EXISTS account(
     address TEXT PRIMARY KEY,
     balance DECIMAL,
     txCount INTEGER);
    

    
    CREATE TABLE IF NOT EXISTS contract(
     address TEXT PRIMARY KEY);
    
CREATE INDEX index_quick ON Quick(value, sender, recipient);
CREATE INDEX index_TX ON TX(blockNumber, status);
CREATE INDEX index_block ON block(timestamp);
CREATE INDEX index_account ON account(address);
CREATE INDEX index_contract ON contract(address);

INSERT INTO block VALUES ( 3500000 , 67732 , '0xc6470e45371f32fb889442dc8f90cea618be575670f65e97f2097bd88ae0a765' , '0x00000000000000000400000000000000000000000000000000000000000000000000000000000000000000000000000000000000000000000000000000000000000000000000000000000000000000000000000000000000000000000000001000000000000000000000000000000000000000000000000000000000000000000000000000000000000000000000000000000000000000000001000000000000000000000000000000000000000000000000000000000000000000000000000000000800000000000000000000000000000000000002000000000000000000000000000000000000000000000000002000000000000000000000000000000000' , '0x9d8046200c5bc733' , '250171302563024' , '0x7777772e62772e636f6d' , 4262058 , '0xC0ea08A2d404d3172d2AdD29A45be56dA40e2949' , '0x2f3f102a7cea2a88b9794733ad19dc633024b91c1b47328aa057bc2ac751315a' , '0x7c2ceef81e3bc8e8ec744f2912e2e09fbb58a689e3eb1e2df9fba3ca704cb18f' , '0x0cda6d006deac2132f2589568543245488a5d13e2c689074c8e812720e08d238' , '0x1dcc4de8dec75d7aab85b567b6ccd41ad312451b948a7413f0a142fd40d49347' , 818 , '0x38a24772026a260d5f3aead54449c053c164b35effb7861c5b8aef4669ce8b21' , 1491667208 , '199305777750846829105' , '0xfa09e272bf8f867dc3a315c46431c0fabc7ce1803d924cf308052c7dafb64fc3' , '[]' ,44.339554);
INSERT INTO account VALUES('0xC0ea08A2d404d3172d2AdD29A45be56dA40e2949',0,290) ON CONFLICT(address)  DO UPDATE SET (address,balance,txcount) = ('0xC0ea08A2d404d3172d2AdD29A45be56dA40e2949',0,290);

INSERT INTO TX VALUES ( '0x5aff462d74d23767cb7128d539ed6466493d33c600759a89e6242147a9bc7fc5' , 3500000 , 'None' , 21000 , 21000 , 50000000000 , 21000 , '0x' , '[]' , '0x00000000000000000000000000000000000000000000000000000000000000000000000000000000000000000000000000000000000000000000000000000000000000000000000000000000000000000000000000000000000000000000000000000000000000000000000000000000000000000000000000000000000000000000000000000000000000000000000000000000000000000000000000000000000000000000000000000000000000000000000000000000000000000000000000000000000000000000000000000000000000000000000000000000000000000000000000000000000000000000000000000000000000000000000000000000' , '0xd52c89ee86b769f1d85c9ef88b2e1dae26b0703046893804801ccddfc2044e23' , '0x5f4f2a120edae4f2f21582e4cd304ddd2225c3ffac8b50a961bd90ef56d89417' , -1 , 0 , 37 ,1050000000000000);
INSERT INTO Quick VALUES ( '0x5aff462d74d23767cb7128d539ed6466493d33c600759a89e6242147a9bc7fc5' , 'None' , 'None' , 3500000 , '0x24F21c22F0e641e2371F04a7bB8d713f89f53550' , 6095 , '0xD2220ec4A3d89DC687a790a61605ca3750dA4A92' , '3262326190000000000' );
INSERT INTO account VALUES('0x24F21c22F0e641e2371F04a7bB8d713f89f53550',383116082095536782,28539) ON CONFLICT(address)  DO UPDATE SET (address,balance,txcount) = ('0x24F21c22F0e641e2371F04a7bB8d713f89f53550',383116082095536782,28539);

INSERT INTO account VALUES('0xD2220ec4A3d89DC687a790a61605ca3750dA4A92',20000000000,3) ON CONFLICT(address)  DO UPDATE SET (address,balance,txcount) = ('0xD2220ec4A3d89DC687a790a61605ca3750dA4A92',20000000000,3);

INSERT INTO TX VALUES ( '0xf863d6dd61a975ef90f85275e224cbe6bb33f47f04440fc31f6d023315d8ea69' , 3500000 , 'None' , 67732 , 70000 , 40000000000 , 46732 , '0xe637a44b0000000000000000000000000000000000000000000000000000d7edee3b48720000000000000000000000000000000000000000000000000000d262949df538' , '[AttributeDict({address: 0xFDC77B9CB732eB8C896b152E28294521f5F62E67, blockHash: HexBytes(0xc6470e45371f32fb889442dc8f90cea618be575670f65e97f2097bd88ae0a765), blockNumber: 3500000, data: 0x0000000000000000000000000000000000000000000000000000d7edee3b48720000000000000000000000000000000000000000000000000000d262949df5380000000000000000000000000000000000000000000000000000da0d4ce212890000000000000000000000000000000000000000000000000000d426db5faffb00000000000000000000000000000000000000000000000000000000003567a5, logIndex: 0, removed: False, topics: [HexBytes(0xdd20a4d3d59f66467618fdcb21f5274fc32dc36573b92ec33c88f5236a4e52cb)], transactionHash: HexBytes(0xf863d6dd61a975ef90f85275e224cbe6bb33f47f04440fc31f6d023315d8ea69), transactionIndex: 1})]' , '0x00000000000000000400000000000000000000000000000000000000000000000000000000000000000000000000000000000000000000000000000000000000000000000000000000000000000000000000000000000000000000000000001000000000000000000000000000000000000000000000000000000000000000000000000000000000000000000000000000000000000000000001000000000000000000000000000000000000000000000000000000000000000000000000000000000800000000000000000000000000000000000002000000000000000000000000000000000000000000000000002000000000000000000000000000000000' , '0xbd6d4658cfd33029197e249922e6f456b1b9049c30a7dc3d7496d2133e1dd72b' , '0x63d7b0f8fbca16f496f6b269dac35ca2ed4501c907c67d87c59460dd64dca555' , -1 , 1 , 27 ,1869280000000000);
INSERT INTO Quick VALUES ( '0xf863d6dd61a975ef90f85275e224cbe6bb33f47f04440fc31f6d023315d8ea69' , 'None' , 'None' , 3500000 , '0xcAA216e03eE4932941eF0729f250E297Fd5655Ad' , 37505 , '0xFDC77B9CB732eB8C896b152E28294521f5F62E67' , '0' );
INSERT INTO account VALUES('0xcAA216e03eE4932941eF0729f250E297Fd5655Ad',0,42844) ON CONFLICT(address)  DO UPDATE SET (address,balance,txcount) = ('0xcAA216e03eE4932941eF0729f250E297Fd5655Ad',0,42844);

INSERT INTO contract VALUES('0xFDC77B9CB732eB8C896b152E28294521f5F62E67') ON CONFLICT(address)  DO UPDATE SET address = '0xFDC77B9CB732eB8C896b152E28294521f5F62E67';

UPDATE block 
 SET totalFee =5.00291928
 WHERE blockNumber = 3500000;
INSERT INTO block VALUES ( 3500001 , 665525 , '0x9e1c6b1bf96cc068240d8783e4a23bbaac53db110932b0d1fa1822a5bf9481eb' , '0x000080000000000800000000000000020002000000008000001001000000008000000000000000000004001c00000200000000000040400000040000000000000000000000408000100000088000804040000000000040000001002080000040001a0000000000000000014000000000080000001000000000020010080010000100220000020000000000000000040000000001020000000000200040000100002000080000004080002000000000000000008000000000020000000000000000000002000002000000000000000000000000000100000020000000000100100000000010100000200000020001000001000001000800444000040008000002' , '0xb34fcf0001987708' , '250057738541287' , '0x65746865726d696e65202d20455531' , 4257923 , '0xEA674fdDe714fd979de3EdF0F56AA9716B898ec8' , '0x4f76ba38501334f9db4265de9a602952fe55689cd0e86d9fca2bb20fc67fd229' , '0xc6470e45371f32fb889442dc8f90cea618be575670f65e97f2097bd88ae0a765' , '0xc6c4a8d9597a27b4a4c31f3cc948da963bc6b74237b51f22fbacda4a8ddc41d5' , '0x1dcc4de8dec75d7aab85b567b6ccd41ad312451b948a7413f0a142fd40d49347' , 3059 , '0x7fe1baab57d99c3574c14dfcde6d63702aa5dde5c043ff96e5c3c8d6663dba38' , 1491667232 , '199306027808585370392' , '0xd08666cd329145513610bca2adc08760692b03e66186cf86db6d71b704b15426' , '[]' ,44.339554);
INSERT INTO account VALUES('0xEA674fdDe714fd979de3EdF0F56AA9716B898ec8',902583061617309983346,27080925) ON CONFLICT(address)  DO UPDATE SET (address,balance,txcount) = ('0xEA674fdDe714fd979de3EdF0F56AA9716B898ec8',902583061617309983346,27080925);

INSERT INTO TX VALUES ( '0x9210a8172ff6e941625c92965a627165be734c76fcc23c6a8c3d77a5a7b158fa' , 3500001 , 'None' , 21000 , 21000 , 40000000000 , 21000 , '0x' , '[]' , '0x00000000000000000000000000000000000000000000000000000000000000000000000000000000000000000000000000000000000000000000000000000000000000000000000000000000000000000000000000000000000000000000000000000000000000000000000000000000000000000000000000000000000000000000000000000000000000000000000000000000000000000000000000000000000000000000000000000000000000000000000000000000000000000000000000000000000000000000000000000000000000000000000000000000000000000000000000000000000000000000000000000000000000000000000000000000' , '0xc3a31e3a76633f31a887ed75df76dd8a8ac2cdaf1c064a67b4ffb91157587608' , '0x442de1b4681ccbba9c6277a6d75dbf3773021f449dade05866a542c9fc244b82' , -1 , 0 , 37 ,840000000000000);
INSERT INTO Quick VALUES ( '0x9210a8172ff6e941625c92965a627165be734c76fcc23c6a8c3d77a5a7b158fa' , 'None' , 'None' , 3500001 , '0x7eD1E469fCb3EE19C0366D829e291451bE638E59' , 26843 , '0x9c19cf42624DA8a69dBca121ECd666a861b0BaE5' , '1354700000000000000' );
INSERT INTO account VALUES('0x7eD1E469fCb3EE19C0366D829e291451bE638E59',13399545039149066555,421532) ON CONFLICT(address)  DO UPDATE SET (address,balance,txcount) = ('0x7eD1E469fCb3EE19C0366D829e291451bE638E59',13399545039149066555,421532);

INSERT INTO account VALUES('0x9c19cf42624DA8a69dBca121ECd666a861b0BaE5',10462359000000000000,2) ON CONFLICT(address)  DO UPDATE SET (address,balance,txcount) = ('0x9c19cf42624DA8a69dBca121ECd666a861b0BaE5',10462359000000000000,2);

INSERT INTO TX VALUES ( '0x68f5d60e4a7b28d1a7522081b07a04bad8b1f7f0ddec948b25a48a3b9571e5ab' , 3500001 , 'None' , 42000 , 90000 , 25000000000 , 21000 , '0x' , '[]' , '0x00000000000000000000000000000000000000000000000000000000000000000000000000000000000000000000000000000000000000000000000000000000000000000000000000000000000000000000000000000000000000000000000000000000000000000000000000000000000000000000000000000000000000000000000000000000000000000000000000000000000000000000000000000000000000000000000000000000000000000000000000000000000000000000000000000000000000000000000000000000000000000000000000000000000000000000000000000000000000000000000000000000000000000000000000000000' , '0xa45919c79615d739015099464d9ad30ad7885741a468a0500bb5f81d77bfd61c' , '0x20acd6bd1c7bd605c21762b3f9572dac5ad5c18e84815e2c7738ec8dd1d61c24' , -1 , 1 , 37 ,525000000000000);
INSERT INTO Quick VALUES ( '0x68f5d60e4a7b28d1a7522081b07a04bad8b1f7f0ddec948b25a48a3b9571e5ab' , 'None' , 'None' , 3500001 , '0x2a65Aca4D5fC5B5C859090a6c34d164135398226' , 2100477 , '0x3e3b337717dEC54c89D4726930EAc998c32E0396' , '143982840000000000' );
INSERT INTO account VALUES('0x2a65Aca4D5fC5B5C859090a6c34d164135398226',2638787877517380044250,4659886) ON CONFLICT(address)  DO UPDATE SET (address,balance,txcount) = ('0x2a65Aca4D5fC5B5C859090a6c34d164135398226',2638787877517380044250,4659886);

INSERT INTO account VALUES('0x3e3b337717dEC54c89D4726930EAc998c32E0396',96274756422597091,212) ON CONFLICT(address)  DO UPDATE SET (address,balance,txcount) = ('0x3e3b337717dEC54c89D4726930EAc998c32E0396',96274756422597091,212);

INSERT INTO TX VALUES ( '0x10954157ce2ad166ed244b3965f6122ab9cf7550bd767cc63ad06fa779a932b7' , 3500001 , 'None' , 86221 , 90000 , 20000000000 , 44221 , '0x23b872dd000000000000000000000000f3d357be90c67beece3facf5606b664dad198928000000000000000000000000cf62dfc079c5d594c257c8fcc0bc2334d17595e10000000000000000000000000000000000000000000000000000000004d57ce0' , '[AttributeDict({address: 0xeDBaF3c5100302dCddA53269322f3730b1F0416d, blockHash: HexBytes(0x9e1c6b1bf96cc068240d8783e4a23bbaac53db110932b0d1fa1822a5bf9481eb), blockNumber: 3500001, data: 0x0000000000000000000000000000000000000000000000000000000004d57ce0, logIndex: 0, removed: False, topics: [HexBytes(0xddf252ad1be2c89b69c2b068fc378daa952ba7f163c4a11628f55a4df523b3ef), HexBytes(0x000000000000000000000000f3d357be90c67beece3facf5606b664dad198928), HexBytes(0x000000000000000000000000cf62dfc079c5d594c257c8fcc0bc2334d17595e1)], transactionHash: HexBytes(0x10954157ce2ad166ed244b3965f6122ab9cf7550bd767cc63ad06fa779a932b7), transactionIndex: 2})]' , '0x00008000000000000000000000000000000000000000800000000000000000000000000000000000000000000000000000000000000000000000000000000000000000000000000010000008000000000000000000000000000000000000000000000000000000000000000000000000000000000000000000000010000000000100200000000000000000000000000000000000000000000000000000000000000000000000004000000000000000000000000000000000000000000000000000000002000000000000000000000000000000000000000000000000000000000000000010000000000000000000000001000001000000000000000000000000' , '0xde60b86b4c8f9d4f77880e659637186bcfb05b0b055324ec1b3ddf6143540f02' , '0x20933c45b672790e405d3ad31973d998dec63cf924ccbd7298b2ddb86b585d91' , -1 , 2 , 38 ,884420000000000);
INSERT INTO Quick VALUES ( '0x10954157ce2ad166ed244b3965f6122ab9cf7550bd767cc63ad06fa779a932b7' , 'None' , 'None' , 3500001 , '0x1746eE2F5B8719c518dD234cBE1Ce203489A4181' , 7175 , '0xeDBaF3c5100302dCddA53269322f3730b1F0416d' , '0' );
INSERT INTO account VALUES('0x1746eE2F5B8719c518dD234cBE1Ce203489A4181',1852785587474001,12855) ON CONFLICT(address)  DO UPDATE SET (address,balance,txcount) = ('0x1746eE2F5B8719c518dD234cBE1Ce203489A4181',1852785587474001,12855);

INSERT INTO contract VALUES('0xeDBaF3c5100302dCddA53269322f3730b1F0416d') ON CONFLICT(address)  DO UPDATE SET address = '0xeDBaF3c5100302dCddA53269322f3730b1F0416d';

INSERT INTO TX VALUES ( '0x251a27bba6ce3662e50b112eae2cb5fc4f78ec2960131962d5ca04bc2f05c558' , 3500001 , 'None' , 123579 , 165000 , 20000000000 , 37358 , '0xa9059cbb0000000000000000000000000bdb4dcb8255641b265739e4ab451ad03a794a5900000000000000000000000000000000000000000000000001ac1a1c8f6f4000' , '[AttributeDict({address: 0x37a9679c41e99dB270Bda88DE8FF50c0Cd23f326, blockHash: HexBytes(0x9e1c6b1bf96cc068240d8783e4a23bbaac53db110932b0d1fa1822a5bf9481eb), blockNumber: 3500001, data: 0x00000000000000000000000000000000000000000000000001ac1a1c8f6f4000, logIndex: 1, removed: False, topics: [HexBytes(0x8b0c34a52f9e28d78caaa7066cd047b398dae74941a208b77777420f492bd7e1), HexBytes(0x0000000000000000000000009e0b9ddba97dd4f7addab0b5f67036eebe687606), HexBytes(0x0000000000000000000000000bdb4dcb8255641b265739e4ab451ad03a794a59)], transactionHash: HexBytes(0x251a27bba6ce3662e50b112eae2cb5fc4f78ec2960131962d5ca04bc2f05c558), transactionIndex: 3})]' , '0x00000000000000000000000000000000000000000000000000000000000000000000000000000000000000000000000000000000004040000004000000000000000000000000000000000000000000000000000000000000000100000000000000180000000000000000000000000000000000000000000000020000000010000000000000000000000000000000000000000000000000000000200040000000000000000000000000000000000000000000000000000000000000000000000000000000000000000000000000000000000000000000000000000000000000000000000000000000000000020000000000000000000000000000000000000002' , '0xe151a89ce1bd38ed23f7a92122e7dd37816035b4c19ac0d0bb0fa0aada370e99' , '0x4693c8dff849b0997dc05134eb7b09fe91240b82758e504d7b451a10351986c8' , -1 , 3 , 37 ,747160000000000);
INSERT INTO Quick VALUES ( '0x251a27bba6ce3662e50b112eae2cb5fc4f78ec2960131962d5ca04bc2f05c558' , 'None' , 'None' , 3500001 , '0x9e0B9dDbA97Dd4f7aDdab0B5F67036EEBE687606' , 447307 , '0x37a9679c41e99dB270Bda88DE8FF50c0Cd23f326' , '0' );
INSERT INTO account VALUES('0x9e0B9dDbA97Dd4f7aDdab0B5F67036EEBE687606',7208373353852636,516884) ON CONFLICT(address)  DO UPDATE SET (address,balance,txcount) = ('0x9e0B9dDbA97Dd4f7aDdab0B5F67036EEBE687606',7208373353852636,516884);

INSERT INTO contract VALUES('0x37a9679c41e99dB270Bda88DE8FF50c0Cd23f326') ON CONFLICT(address)  DO UPDATE SET address = '0x37a9679c41e99dB270Bda88DE8FF50c0Cd23f326';

INSERT INTO TX VALUES ( '0x2fc9ab5557a3a1146b168c6ded27c0834e2f6c873c9fa2c542407b39fd511bec' , 3500001 , 'None' , 154106 , 40000 , 20000000000 , 30527 , '0x1a695230000000000000000000000000027beefcbad782faf69fad12dee97ed894c68549' , '[]' , '0x00000000000000000000000000000000000000000000000000000000000000000000000000000000000000000000000000000000000000000000000000000000000000000000000000000000000000000000000000000000000000000000000000000000000000000000000000000000000000000000000000000000000000000000000000000000000000000000000000000000000000000000000000000000000000000000000000000000000000000000000000000000000000000000000000000000000000000000000000000000000000000000000000000000000000000000000000000000000000000000000000000000000000000000000000000000' , '0x0de0278cabccd8003bedf519f52f7c90cf094082327dd684e7930ca48877d1d6' , '0x76f8e96f4e50d86bc362a28ea45d6a8177dc08cf81bc04fb0f380e3a49fa55fb' , -1 , 4 , 37 ,610540000000000);
INSERT INTO Quick VALUES ( '0x2fc9ab5557a3a1146b168c6ded27c0834e2f6c873c9fa2c542407b39fd511bec' , 'None' , 'None' , 3500001 , '0x45CAB8d124fcE8663581172C614F2ee08d01D48e' , 512 , '0x1e143b2588705DfEA63A17f2032CA123dF995CE0' , '140794389460000000000' );
INSERT INTO account VALUES('0x45CAB8d124fcE8663581172C614F2ee08d01D48e',153997000000000000000,878) ON CONFLICT(address)  DO UPDATE SET (address,balance,txcount) = ('0x45CAB8d124fcE8663581172C614F2ee08d01D48e',153997000000000000000,878);

INSERT INTO contract VALUES('0x1e143b2588705DfEA63A17f2032CA123dF995CE0') ON CONFLICT(address)  DO UPDATE SET address = '0x1e143b2588705DfEA63A17f2032CA123dF995CE0';

INSERT INTO TX VALUES ( '0x3889646d0a9baa76e571b47ba9a951d30449961a20e75d71b0dae0f9bf6acc05' , 3500001 , 'None' , 204541 , 800000 , 20000000000 , 50435 , '0x40c10f19000000000000000000000000bd897c8885b40d014fb7941b3043b21adcc9ca1c0000000000000000000000000000000000000000000000000000000000001388' , '[AttributeDict({address: 0x6D4bB1cb0Ec716dd764c44c6cb1c3E5E552eBdD3, blockHash: HexBytes(0x9e1c6b1bf96cc068240d8783e4a23bbaac53db110932b0d1fa1822a5bf9481eb), blockNumber: 3500001, data: 0x0000000000000000000000000000000000000000000000000000000000001388, logIndex: 2, removed: False, topics: [HexBytes(0xab8530f87dc9b59234c4623bf917212bb2536d647574c8e7e5da92c2ede0c9f8), HexBytes(0x00000000000000000000000000269400181f1b379784bd8cdf786bb20e91bdef), HexBytes(0x000000000000000000000000bd897c8885b40d014fb7941b3043b21adcc9ca1c)], transactionHash: HexBytes(0x3889646d0a9baa76e571b47ba9a951d30449961a20e75d71b0dae0f9bf6acc05), transactionIndex: 5})]' , '0x00000000000000000000000000000000000000000000000000000100000000000000000000000000000000000000000000000000000000000000000000000000000000000000000000000000800080000000000000000000000000000000000000020000000000000000000000000000000000001000000000000000000000000000000000000000000000000000000000000000020000000000000000000000000000000000000000000000000000000000000000000000000000000000000000000000000002000000000000000000000000000000000000000000000100100000000000000000000000000001000000000000000800000000040000000000' , '0xd6469e7198a9b43f6ed4540839da7fafafdcac5142979ca2e647adf4c88db062' , '0x3fb049d84f9767ba61648a7a132ace59f0172a182d632de59119d2c4f1eaa615' , -1 , 5 , 38 ,1008700000000000);
INSERT INTO Quick VALUES ( '0x3889646d0a9baa76e571b47ba9a951d30449961a20e75d71b0dae0f9bf6acc05' , 'None' , 'None' , 3500001 , '0x00269400181f1B379784BD8cDF786bb20e91Bdef' , 66 , '0x6D4bB1cb0Ec716dd764c44c6cb1c3E5E552eBdD3' , '0' );
INSERT INTO account VALUES('0x00269400181f1B379784BD8cDF786bb20e91Bdef',1033536141335814000,103) ON CONFLICT(address)  DO UPDATE SET (address,balance,txcount) = ('0x00269400181f1B379784BD8cDF786bb20e91Bdef',1033536141335814000,103);

INSERT INTO contract VALUES('0x6D4bB1cb0Ec716dd764c44c6cb1c3E5E552eBdD3') ON CONFLICT(address)  DO UPDATE SET address = '0x6D4bB1cb0Ec716dd764c44c6cb1c3E5E552eBdD3';

INSERT INTO TX VALUES ( '0x416e080af8a13a95e7631253ce7f77245f98733284637196472597b579a017b1' , 3500001 , 'None' , 264860 , 135162 , 20000000000 , 60319 , '0x665bcc320000000000000000000000000000000000000000000000000000000000000040000000000000000000000000000000000000000000000000000000000000000000000000000000000000000000000000000000000000000000000000000000010000000000000000000000000000000000000000000000000000000000000389' , '[AttributeDict({address: 0xDfC328c19C8De45ac0117f836646378c10e0CdA3, blockHash: HexBytes(0x9e1c6b1bf96cc068240d8783e4a23bbaac53db110932b0d1fa1822a5bf9481eb), blockNumber: 3500001, data: 0x000000000000000000000000a3bc6b0d2347f06253cb6ecce6bf65eed4d9da2100000000000000000000000000000000000000000000000000000000000000120000000000000000000000000000000000000000000000000000000000000389, logIndex: 3, removed: False, topics: [HexBytes(0x38a332eb3aa0f3c1f4139e60234dbd0ad329da0a423413df4ca5936f2f733d81)], transactionHash: HexBytes(0x416e080af8a13a95e7631253ce7f77245f98733284637196472597b579a017b1), transactionIndex: 6})]' , '0x00000000000000000000000000000000000000000000000000000000000000000000000000000000000400040000000000000000000000000000000000000000000000000000800000000000000000000000000000000000000000000000000000000000000000000000000000000000000000000000000000000000000000000000000000020000000000000000000000000000000000000000000000000000002000000000000000000000000000000000000000000000000000000000000000000000000000000000000000000000000000000000000000000000000000000000000000000000200000000000000000000000000000000000000000000000' , '0xf036efd8b16df66dad600ae52ed02c3f14478b4e28f85c04e253a5c5cbc593de' , '0x1691a2ce2897ed58af63e01690b6bcb698122195ea21dc2a3988cfbf5b4295b9' , -1 , 6 , 37 ,1206380000000000);
INSERT INTO Quick VALUES ( '0x416e080af8a13a95e7631253ce7f77245f98733284637196472597b579a017b1' , 'None' , 'None' , 3500001 , '0xa92D36DC1CA4f505f1886503A0626c4aa8106497' , 5739 , '0xDfC328c19C8De45ac0117f836646378c10e0CdA3' , '0' );
INSERT INTO account VALUES('0xa92D36DC1CA4f505f1886503A0626c4aa8106497',55438579004279246,23656) ON CONFLICT(address)  DO UPDATE SET (address,balance,txcount) = ('0xa92D36DC1CA4f505f1886503A0626c4aa8106497',55438579004279246,23656);

INSERT INTO contract VALUES('0xDfC328c19C8De45ac0117f836646378c10e0CdA3') ON CONFLICT(address)  DO UPDATE SET address = '0xDfC328c19C8De45ac0117f836646378c10e0CdA3';

INSERT INTO TX VALUES ( '0x66460ebd675fcd710a6c64bd75c091cdc60cffaa4fec5f3f5aec2f8fcda6044a' , 3500001 , 'None' , 285860 , 21000 , 20000000000 , 21000 , '0x' , '[]' , '0x00000000000000000000000000000000000000000000000000000000000000000000000000000000000000000000000000000000000000000000000000000000000000000000000000000000000000000000000000000000000000000000000000000000000000000000000000000000000000000000000000000000000000000000000000000000000000000000000000000000000000000000000000000000000000000000000000000000000000000000000000000000000000000000000000000000000000000000000000000000000000000000000000000000000000000000000000000000000000000000000000000000000000000000000000000000' , '0xd784bb3cc6ec14184a5b9c0c02ae3309751c8f814b1f8037ecd1def5ce64313c' , '0x6325b18857efa48ac10acaa5016ea4bdcea1b41d7ae0ba26ca7e683d3b7b3b7c' , -1 , 7 , 38 ,420000000000000);
INSERT INTO Quick VALUES ( '0x66460ebd675fcd710a6c64bd75c091cdc60cffaa4fec5f3f5aec2f8fcda6044a' , 'None' , 'None' , 3500001 , '0x0a9f34d3BC783333Ea1Fc38E146FBDb5DAbdce36' , 66 , '0x3dCacC29AB1AEE43c50c9f13Da5f2D02179e91d7' , '5747000000000000000' );
INSERT INTO account VALUES('0x0a9f34d3BC783333Ea1Fc38E146FBDb5DAbdce36',0,206) ON CONFLICT(address)  DO UPDATE SET (address,balance,txcount) = ('0x0a9f34d3BC783333Ea1Fc38E146FBDb5DAbdce36',0,206);

INSERT INTO account VALUES('0x3dCacC29AB1AEE43c50c9f13Da5f2D02179e91d7',200000000199680,1) ON CONFLICT(address)  DO UPDATE SET (address,balance,txcount) = ('0x3dCacC29AB1AEE43c50c9f13Da5f2D02179e91d7',200000000199680,1);

INSERT INTO TX VALUES ( '0x719bfec8567d96d2fd17605c96de02f5174ad2adb7fea85f786c1eb41958292d' , 3500001 , 'None' , 329220 , 150000 , 20000000000 , 43360 , '0xd0e30db0' , '[AttributeDict({address: 0xECF8F87f810EcF450940c9f60066b4a7a501d6A7, blockHash: HexBytes(0x9e1c6b1bf96cc068240d8783e4a23bbaac53db110932b0d1fa1822a5bf9481eb), blockNumber: 3500001, data: 0x00000000000000000000000000000000000000000000000de4e084107c9e0000, logIndex: 4, removed: False, topics: [HexBytes(0xe1fffcc4923d04b559f4d29a8bfc6cda04eb5b0d3c460751c2402c5c5cc9109c), HexBytes(0x0000000000000000000000003a145250e08890888c900f106567c30a38ed140a)], transactionHash: HexBytes(0x719bfec8567d96d2fd17605c96de02f5174ad2adb7fea85f786c1eb41958292d), transactionIndex: 8})]' , '0x00000000000000000000000000000000000000000000000000000000000000000000000000000000000000000000000000000000000000000000000000000000000000000000000000000000000000000000000000000000000000208000004000000000000000000000000000000000080000000000000000000000000000000000000000000000000000000000000000000001000000000000000000000000000000000000000000002000000000000000000000000000000000000000000000000000000000000000000000000000000000000000000000000000000000000000000000000000000000000000000000000000000000404000000008000000' , '0xb440cd35dec0f0619fa15e4e64256594d4ba2111305a3978a122fb8cbda6e0aa' , '0x0daecaafd8dc399f08e0d5aff6151b46db6e6bcd88daa0765fa909759a58acf3' , -1 , 8 , 37 ,867200000000000);
INSERT INTO Quick VALUES ( '0x719bfec8567d96d2fd17605c96de02f5174ad2adb7fea85f786c1eb41958292d' , 'None' , 'None' , 3500001 , '0x3a145250E08890888c900F106567c30a38eD140A' , 52 , '0xECF8F87f810EcF450940c9f60066b4a7a501d6A7' , '256300000000000000000' );
INSERT INTO account VALUES('0x3a145250E08890888c900F106567c30a38eD140A',1300633333474104563,112) ON CONFLICT(address)  DO UPDATE SET (address,balance,txcount) = ('0x3a145250E08890888c900F106567c30a38eD140A',1300633333474104563,112);

INSERT INTO contract VALUES('0xECF8F87f810EcF450940c9f60066b4a7a501d6A7') ON CONFLICT(address)  DO UPDATE SET address = '0xECF8F87f810EcF450940c9f60066b4a7a501d6A7';

INSERT INTO TX VALUES ( '0x73dbbadf96172a511c6ee3a5dc1a8f4b8522391079d9e420f67f4acde8673d1f' , 3500001 , 'None' , 359636 , 40000 , 20000000000 , 30416 , '0x' , '[AttributeDict({address: 0x209c4784AB1E8183Cf58cA33cb740efbF3FC18EF, blockHash: HexBytes(0x9e1c6b1bf96cc068240d8783e4a23bbaac53db110932b0d1fa1822a5bf9481eb), blockNumber: 3500001, data: 0x00000000000000000000000032be343b94f860124dc4fee278fdcbd38c102d88, logIndex: 5, removed: False, topics: [HexBytes(0x23919512b2162ddc59b67a65e3b03c419d4105366f7d4a632f5d3c3bee9b1cff)], transactionHash: HexBytes(0x73dbbadf96172a511c6ee3a5dc1a8f4b8522391079d9e420f67f4acde8673d1f), transactionIndex: 9})]' , '0x00000000000000000000000000000002000000000000000000100000000000000000000000000000000000000000000000000000000000000000000000000000000000000000000000000000000000000000000000000000000000000000000000000000000000000000004000000000000000000000000000000000000000000000020000000000000000000000000000000000000000000000000000000100000000000000000000000000000000000000000000000000000000000000000000000000000000000000000000000000000000000000000020000000000000000000000000000000000000000000000000000000000000000000000000000000' , '0x08fb2625811b5d7501070427dc2023f280d328dbcfce7b6bee360589bdef193b' , '0x0aa4fa5f4655a35c913be6643d944d7a66c4e09a70b95f5873c742b7d76349f3' , -1 , 9 , 38 ,608320000000000);
INSERT INTO Quick VALUES ( '0x73dbbadf96172a511c6ee3a5dc1a8f4b8522391079d9e420f67f4acde8673d1f' , 'None' , 'None' , 3500001 , '0xB54a4942cA2850043572A9d36Cd6a5D9E35153D6' , 3 , '0x209c4784AB1E8183Cf58cA33cb740efbF3FC18EF' , '999482850000000000' );
INSERT INTO account VALUES('0xB54a4942cA2850043572A9d36Cd6a5D9E35153D6',476813099845937811,9) ON CONFLICT(address)  DO UPDATE SET (address,balance,txcount) = ('0xB54a4942cA2850043572A9d36Cd6a5D9E35153D6',476813099845937811,9);

INSERT INTO contract VALUES('0x209c4784AB1E8183Cf58cA33cb740efbF3FC18EF') ON CONFLICT(address)  DO UPDATE SET address = '0x209c4784AB1E8183Cf58cA33cb740efbF3FC18EF';

INSERT INTO TX VALUES ( '0xa15df60609aec329404f40e1bbc22a60fbbbf2586a415530671ec5fae68e52b0' , 3500001 , 'None' , 526446 , 400000 , 20000000000 , 166810 , '0x257bcd6a010000000000000000000000000000000000000000000000000000400000000000000000000000000000000000000000000000000000000000000000000000010000000000000000000000000000000000000000000000000000000000000000' , '[AttributeDict({address: 0xcCeD5B8288086BE8c38E23567e684C3740be4D48, blockHash: HexBytes(0x9e1c6b1bf96cc068240d8783e4a23bbaac53db110932b0d1fa1822a5bf9481eb), blockNumber: 3500001, data: 0x0000000000000000000000000000000000000000000000000000000065065ab600000000000000000000000000000000000000000000000000470de4df820000000000000000000000000000000000000000000000000000000000000000009600000000000000000000000000000000000000000000000000000002540be400000000000000000000000000000000000000000000000000000649ce3d40a000, logIndex: 6, removed: False, topics: [HexBytes(0x7d19c7776f05049226f581a23a4df896c65115763d8ec30490658efc4e8649cd), HexBytes(0x000000000000000000000000a3bc6b0d2347f06253cb6ecce6bf65eed4d9da21)], transactionHash: HexBytes(0xa15df60609aec329404f40e1bbc22a60fbbbf2586a415530671ec5fae68e52b0), transactionIndex: 10}), AttributeDict({address: 0xDfC328c19C8De45ac0117f836646378c10e0CdA3, blockHash: HexBytes(0x9e1c6b1bf96cc068240d8783e4a23bbaac53db110932b0d1fa1822a5bf9481eb), blockNumber: 3500001, data: 0x000000000000000000000000000000000000000000000000000000000000038a0000000000000000000000000000000000000000000000000000000065065ab6, logIndex: 7, removed: False, topics: [HexBytes(0x8a0f1e52443beebd562effb53b94f903320af76cbdca2deb2d2bf01cf119d6dc)], transactionHash: HexBytes(0xa15df60609aec329404f40e1bbc22a60fbbbf2586a415530671ec5fae68e52b0), transactionIndex: 10})]' , '0x000000000000000000000000000000000002000000000000000000000000008000000000000000000004000c0000000000000000000000000000000000000000000000000000000000000000000000004000000000004000000000000000000000000000000000000000010000000000000000000000000000000000080000000000000000000000000000000000000000000000000000000000000000000000000000080000004080000000000000000000000000000000020000000000000000000000000000000000000000000000000000000000000000000000000000000000000000100000200000000000000000000000000000000000000000000000' , '0xc78edb23bca18b6580901aaa539745b56a7449ce03bda1d61c83d491e32d5e1b' , '0x26e0766b2fff8db0ec28c29e7e14c46a477f9176f297da2575cd7e849322d4bd' , -1 , 10 , 28 ,3336200000000000);
INSERT INTO Quick VALUES ( '0xa15df60609aec329404f40e1bbc22a60fbbbf2586a415530671ec5fae68e52b0' , 'None' , 'None' , 3500001 , '0xA3bc6B0d2347F06253CB6ECce6bF65EED4d9da21' , 30 , '0xDfC328c19C8De45ac0117f836646378c10e0CdA3' , '20000000000000000' );
INSERT INTO account VALUES('0xA3bc6B0d2347F06253CB6ECce6bF65EED4d9da21',1413314754248993,167) ON CONFLICT(address)  DO UPDATE SET (address,balance,txcount) = ('0xA3bc6B0d2347F06253CB6ECce6bF65EED4d9da21',1413314754248993,167);

INSERT INTO contract VALUES('0xDfC328c19C8De45ac0117f836646378c10e0CdA3') ON CONFLICT(address)  DO UPDATE SET address = '0xDfC328c19C8De45ac0117f836646378c10e0CdA3';

INSERT INTO TX VALUES ( '0xa267b7f8a98856ed9491046b039377ead127eadec9ab3e6ea637dd96e54c769f' , 3500001 , 'None' , 563305 , 90000 , 20000000000 , 36859 , '0xa9059cbb000000000000000000000000458ba07f2d3ffee9b0a0eeb0f6939e8250e60d6c000000000000000000000000000000000000000000000000392d2e2bda9c0000' , '[AttributeDict({address: 0x67237B0294F78EBd5a2ba97fA7179D248Df00401, blockHash: HexBytes(0x9e1c6b1bf96cc068240d8783e4a23bbaac53db110932b0d1fa1822a5bf9481eb), blockNumber: 3500001, data: 0x000000000000000000000000000000000000000000000000392d2e2bda9c0000, logIndex: 8, removed: False, topics: [HexBytes(0xddf252ad1be2c89b69c2b068fc378daa952ba7f163c4a11628f55a4df523b3ef), HexBytes(0x000000000000000000000000ce2f7ffd3814e891d934c45a0326b4c0c01b92f8), HexBytes(0x000000000000000000000000458ba07f2d3ffee9b0a0eeb0f6939e8250e60d6c)], transactionHash: HexBytes(0xa267b7f8a98856ed9491046b039377ead127eadec9ab3e6ea637dd96e54c769f), transactionIndex: 11})]' , '0x00000000000000080000000000000000000000000000000000000000000000000000000000000000000000100000020000000000000000000000000000000000000000000040000000000008000000400000000000000000000000000000000000000000000000000000000000000000000000000000000000000010000000000000000000000000000000000000040000000000000000000000000000000000000000000000000000000000000000000000008000000000000000000000000000000002000000000000000000000000000000000100000000000000000000000000000000000000000000000000000000000000000000040000000000000000' , '0x40fb911f75f5476ab26093a03d007f1f58deec36e029272a81cf0b91f55e64a8' , '0x657270a41031dde414ced389fd7533369e22ce5a9433dac3d89a1193e1db0d1d' , -1 , 11 , 37 ,737180000000000);
INSERT INTO Quick VALUES ( '0xa267b7f8a98856ed9491046b039377ead127eadec9ab3e6ea637dd96e54c769f' , 'None' , 'None' , 3500001 , '0xce2F7fFD3814e891D934c45A0326b4c0c01B92f8' , 894 , '0x67237B0294F78EBd5a2ba97fA7179D248Df00401' , '0' );
INSERT INTO account VALUES('0xce2F7fFD3814e891D934c45A0326b4c0c01B92f8',0,4046) ON CONFLICT(address)  DO UPDATE SET (address,balance,txcount) = ('0xce2F7fFD3814e891D934c45A0326b4c0c01B92f8',0,4046);

INSERT INTO contract VALUES('0x67237B0294F78EBd5a2ba97fA7179D248Df00401') ON CONFLICT(address)  DO UPDATE SET address = '0x67237B0294F78EBd5a2ba97fA7179D248Df00401';

INSERT INTO TX VALUES ( '0xa75d2215977c38b11088d16451f0bce522910d4b27eaae49c2403c2828d58582' , 3500001 , 'None' , 593721 , 40000 , 20000000000 , 30416 , '0x' , '[AttributeDict({address: 0x209c4784AB1E8183Cf58cA33cb740efbF3FC18EF, blockHash: HexBytes(0x9e1c6b1bf96cc068240d8783e4a23bbaac53db110932b0d1fa1822a5bf9481eb), blockNumber: 3500001, data: 0x00000000000000000000000032be343b94f860124dc4fee278fdcbd38c102d88, logIndex: 9, removed: False, topics: [HexBytes(0x23919512b2162ddc59b67a65e3b03c419d4105366f7d4a632f5d3c3bee9b1cff)], transactionHash: HexBytes(0xa75d2215977c38b11088d16451f0bce522910d4b27eaae49c2403c2828d58582), transactionIndex: 12})]' , '0x00000000000000000000000000000002000000000000000000100000000000000000000000000000000000000000000000000000000000000000000000000000000000000000000000000000000000000000000000000000000000000000000000000000000000000000004000000000000000000000000000000000000000000000020000000000000000000000000000000000000000000000000000000100000000000000000000000000000000000000000000000000000000000000000000000000000000000000000000000000000000000000000020000000000000000000000000000000000000000000000000000000000000000000000000000000' , '0x67200ff1b3ddd5341ca33406e725ef53361b80a687cd1fefb6340e19a071352f' , '0x4acc416da880c29af076240d5a4c86f9f085942e3ef1e0e278e2a29d6d07a043' , -1 , 12 , 38 ,608320000000000);
INSERT INTO Quick VALUES ( '0xa75d2215977c38b11088d16451f0bce522910d4b27eaae49c2403c2828d58582' , 'None' , 'None' , 3500001 , '0xe53DC611cf336ACC8a9f07427c00a47aE82C4eB8' , 105 , '0x209c4784AB1E8183Cf58cA33cb740efbF3FC18EF' , '1011365530000000000' );
INSERT INTO account VALUES('0xe53DC611cf336ACC8a9f07427c00a47aE82C4eB8',1047607281136925,534) ON CONFLICT(address)  DO UPDATE SET (address,balance,txcount) = ('0xe53DC611cf336ACC8a9f07427c00a47aE82C4eB8',1047607281136925,534);

INSERT INTO contract VALUES('0x209c4784AB1E8183Cf58cA33cb740efbF3FC18EF') ON CONFLICT(address)  DO UPDATE SET address = '0x209c4784AB1E8183Cf58cA33cb740efbF3FC18EF';

INSERT INTO TX VALUES ( '0xdbf70736303f23967a015fef5b348330499b0b25465054484fb466873d7e71e6' , 3500001 , 'None' , 614721 , 39000 , 20000000000 , 21000 , '0x' , '[]' , '0x00000000000000000000000000000000000000000000000000000000000000000000000000000000000000000000000000000000000000000000000000000000000000000000000000000000000000000000000000000000000000000000000000000000000000000000000000000000000000000000000000000000000000000000000000000000000000000000000000000000000000000000000000000000000000000000000000000000000000000000000000000000000000000000000000000000000000000000000000000000000000000000000000000000000000000000000000000000000000000000000000000000000000000000000000000000' , '0x721530f0fcab3082f4415abb65775e5e2f2836f341ae5a211ba54826c961b4fc' , '0x55d94b06ed92572e92775255f5610546f617e9d52734d39e6ea2338110da185b' , -1 , 13 , 37 ,420000000000000);
INSERT INTO Quick VALUES ( '0xdbf70736303f23967a015fef5b348330499b0b25465054484fb466873d7e71e6' , 'None' , 'None' , 3500001 , '0x1E9939DaaAd6924AD004C2560e90804164900341' , 313760 , '0x23B19b055C3D57E0E44eF31906224949A032AB18' , '1008330533579821800' );
INSERT INTO account VALUES('0x1E9939DaaAd6924AD004C2560e90804164900341',10181106525597627,860924) ON CONFLICT(address)  DO UPDATE SET (address,balance,txcount) = ('0x1E9939DaaAd6924AD004C2560e90804164900341',10181106525597627,860924);

INSERT INTO account VALUES('0x23B19b055C3D57E0E44eF31906224949A032AB18',25921617946636554,87) ON CONFLICT(address)  DO UPDATE SET (address,balance,txcount) = ('0x23B19b055C3D57E0E44eF31906224949A032AB18',25921617946636554,87);

INSERT INTO TX VALUES ( '0xbd974ec22c3c706ca3a351df7dda1e9583b1cabebbd52ae60718aae430e999af' , 3500001 , 'None' , 640123 , 90000 , 20000000000 , 25402 , '0x23b872dd000000000000000000000000f3d357be90c67beece3facf5606b664dad198928000000000000000000000000cf62dfc079c5d594c257c8fcc0bc2334d17595e10000000000000000000000000000000000000000000000000000000004d57ce0' , '[]' , '0x00000000000000000000000000000000000000000000000000000000000000000000000000000000000000000000000000000000000000000000000000000000000000000000000000000000000000000000000000000000000000000000000000000000000000000000000000000000000000000000000000000000000000000000000000000000000000000000000000000000000000000000000000000000000000000000000000000000000000000000000000000000000000000000000000000000000000000000000000000000000000000000000000000000000000000000000000000000000000000000000000000000000000000000000000000000' , '0x79927825571b0f2f3363b8f61de3cef8e3bbafbb9412d008303e9fa952bc5dca' , '0x5b8cea46502c754fd80b253d7891da9f66db1d87c8335cf0d9ad76e7e3ff68a4' , -1 , 14 , 38 ,508040000000000);
INSERT INTO Quick VALUES ( '0xbd974ec22c3c706ca3a351df7dda1e9583b1cabebbd52ae60718aae430e999af' , 'None' , 'None' , 3500001 , '0x1746eE2F5B8719c518dD234cBE1Ce203489A4181' , 7176 , '0xeDBaF3c5100302dCddA53269322f3730b1F0416d' , '0' );
INSERT INTO account VALUES('0x1746eE2F5B8719c518dD234cBE1Ce203489A4181',1852785587474001,12855) ON CONFLICT(address)  DO UPDATE SET (address,balance,txcount) = ('0x1746eE2F5B8719c518dD234cBE1Ce203489A4181',1852785587474001,12855);

INSERT INTO contract VALUES('0xeDBaF3c5100302dCddA53269322f3730b1F0416d') ON CONFLICT(address)  DO UPDATE SET address = '0xeDBaF3c5100302dCddA53269322f3730b1F0416d';

INSERT INTO TX VALUES ( '0xfcf04f2fa2f42573e79ee614988e62f58a5dcb0fec889c5ef4e71a42e2fdf2ae' , 3500001 , 'None' , 665525 , 90000 , 20000000000 , 25402 , '0x23b872dd000000000000000000000000f3d357be90c67beece3facf5606b664dad198928000000000000000000000000cf62dfc079c5d594c257c8fcc0bc2334d17595e10000000000000000000000000000000000000000000000000000000004d57ce0' , '[]' , '0x00000000000000000000000000000000000000000000000000000000000000000000000000000000000000000000000000000000000000000000000000000000000000000000000000000000000000000000000000000000000000000000000000000000000000000000000000000000000000000000000000000000000000000000000000000000000000000000000000000000000000000000000000000000000000000000000000000000000000000000000000000000000000000000000000000000000000000000000000000000000000000000000000000000000000000000000000000000000000000000000000000000000000000000000000000000' , '0x22480dcc3a77adfdeb76fde97c7019f30f0eb8f89c367e0cea27af68ea7ee5b5' , '0x464b6cbf259c30da9ad1f39187a877bf31b60e14798233491d23852685d703e1' , -1 , 15 , 38 ,508040000000000);
INSERT INTO Quick VALUES ( '0xfcf04f2fa2f42573e79ee614988e62f58a5dcb0fec889c5ef4e71a42e2fdf2ae' , 'None' , 'None' , 3500001 , '0x1746eE2F5B8719c518dD234cBE1Ce203489A4181' , 7177 , '0xeDBaF3c5100302dCddA53269322f3730b1F0416d' , '0' );
INSERT INTO account VALUES('0x1746eE2F5B8719c518dD234cBE1Ce203489A4181',1852785587474001,12855) ON CONFLICT(address)  DO UPDATE SET (address,balance,txcount) = ('0x1746eE2F5B8719c518dD234cBE1Ce203489A4181',1852785587474001,12855);

INSERT INTO contract VALUES('0xeDBaF3c5100302dCddA53269322f3730b1F0416d') ON CONFLICT(address)  DO UPDATE SET address = '0xeDBaF3c5100302dCddA53269322f3730b1F0416d';

UPDATE block 
 SET totalFee =5.01383550
 WHERE blockNumber = 3500001;
INSERT INTO block VALUES ( 3500002 , 0 , '0xe02ab45dde758f109e3cd245ef8360f43526348ff788baab36151424d1ff71ef' , '0x00000000000000000000000000000000000000000000000000000000000000000000000000000000000000000000000000000000000000000000000000000000000000000000000000000000000000000000000000000000000000000000000000000000000000000000000000000000000000000000000000000000000000000000000000000000000000000000000000000000000000000000000000000000000000000000000000000000000000000000000000000000000000000000000000000000000000000000000000000000000000000000000000000000000000000000000000000000000000000000000000000000000000000000000000000000' , '0x625897c09a243a8c' , '250188426981026' , '0xe4b883e5bda9e7a59ee4bb99e9b1bc' , 4254740 , '0x61C808D82A3Ac53231750daDc13c777b59310bD9' , '0x85afbb56ceb724aae02e52b8d9230e89c745936ca3879dc5177f6d6293a70048' , '0x9e1c6b1bf96cc068240d8783e4a23bbaac53db110932b0d1fa1822a5bf9481eb' , '0x56e81f171bcc55a6ff8345e692c0f86e5b48e01b996cadc001622fb5e363b421' , '0x07954bd53cc0cb5a73ebbd9259368dc3f273627ee8101e611c25e295c12b91dd' , 1051 , '0x013ecb0552330950aa89834c280c7b4524bbdd04ea467d983ee276b4a25778b8' , 1491667235 , '199306277997012351418' , '0x56e81f171bcc55a6ff8345e692c0f86e5b48e01b996cadc001622fb5e363b421' , '[HexBytes(0x248c347b4500e45b42d1cb3fe057f926b78f928f9b0e31e630d8fd1c5d6d0c75)]' ,44.339554);
INSERT INTO account VALUES('0x61C808D82A3Ac53231750daDc13c777b59310bD9',45000000000000000000000,995045) ON CONFLICT(address)  DO UPDATE SET (address,balance,txcount) = ('0x61C808D82A3Ac53231750daDc13c777b59310bD9',45000000000000000000000,995045);

UPDATE block 
 SET totalFee =5
 WHERE blockNumber = 3500002;
INSERT INTO block VALUES ( 3500003 , 0 , '0x1fab1553f0160e1b07a61d7309fb57b9fca7b805ef2026309b3e550dec11c318' , '0x00000000000000000000000000000000000000000000000000000000000000000000000000000000000000000000000000000000000000000000000000000000000000000000000000000000000000000000000000000000000000000000000000000000000000000000000000000000000000000000000000000000000000000000000000000000000000000000000000000000000000000000000000000000000000000000000000000000000000000000000000000000000000000000000000000000000000000000000000000000000000000000000000000000000000000000000000000000000000000000000000000000000000000000000000000000' , '0x18da05f805cffb34' , '250319179233479' , '0x4477617266506f6f6c' , 4258885 , '0x2a65Aca4D5fC5B5C859090a6c34d164135398226' , '0xf7c0c958dd64495e6268707a6ffd4d64bd73bca51a8ec956c4e2cfdeb2bb62ac' , '0xe02ab45dde758f109e3cd245ef8360f43526348ff788baab36151424d1ff71ef' , '0x56e81f171bcc55a6ff8345e692c0f86e5b48e01b996cadc001622fb5e363b421' , '0x1dcc4de8dec75d7aab85b567b6ccd41ad312451b948a7413f0a142fd40d49347' , 526 , '0xad82337634e29ea9b160ede4bdbcaa57995530929bdf1736def63e0fbd9b957a' , 1491667240 , '199306528316191584897' , '0x56e81f171bcc55a6ff8345e692c0f86e5b48e01b996cadc001622fb5e363b421' , '[]' ,44.339554);
INSERT INTO account VALUES('0x2a65Aca4D5fC5B5C859090a6c34d164135398226',2638787877517380044250,4659886) ON CONFLICT(address)  DO UPDATE SET (address,balance,txcount) = ('0x2a65Aca4D5fC5B5C859090a6c34d164135398226',2638787877517380044250,4659886);

UPDATE block 
 SET totalFee =5
 WHERE blockNumber = 3500003;
INSERT INTO block VALUES ( 3500004 , 240763 , '0x5cde66821d552667371946d50167f6f6ebbfcbb2c43ded612ef19605597fdca7' , '0x000000000000000000000000000000000000000004000000000001000000000000000000000000000004000c0080000008000000000000000000000000000000000000000000804000000080800080000001000000000000000000000000000000020000000000000000000000000000000000001000000000000000000000000000000000020000000000000004000000040000020000000000000000000000002000000000000000000000000000000000000000000000000000000000000000000000000002000000000000000001000200000000000000002000000100100000000000100000200000000001000000000000404800000000040000000000' , '0x9aac85c20d40787f' , '250449995329806' , '0xd58301040c8650617269747986312e31352e31826c69' , 4254741 , '0xF3b9D2c81f2b24b0fa0ACaAa865b7D9CED5FC2fb' , '0xb5c586ee7d6a29af2c226050c43a9f104c6543fc010adab87f55b4d710a40aec' , '0x1fab1553f0160e1b07a61d7309fb57b9fca7b805ef2026309b3e550dec11c318' , '0x47ac92de94da42d30637f12ab5c96a53c1909b5f9f2f23a2b1ef574a960d2404' , '0x1dcc4de8dec75d7aab85b567b6ccd41ad312451b948a7413f0a142fd40d49347' , 1625 , '0x27301a5063b360a73d3f234400938378f7c68f6056bf1026c7ee106b8572caef' , 1491667249 , '199306778766186914703' , '0x6a2f2a7b9fa7fbddc9e3794498fddc43ec889a58cfaed9fb9923bc10bed0ad91' , '[]' ,44.339554);
INSERT INTO account VALUES('0xF3b9D2c81f2b24b0fa0ACaAa865b7D9CED5FC2fb',1192224407798134441,44) ON CONFLICT(address)  DO UPDATE SET (address,balance,txcount) = ('0xF3b9D2c81f2b24b0fa0ACaAa865b7D9CED5FC2fb',1192224407798134441,44);

INSERT INTO TX VALUES ( '0x004830443e49306346b957c6d077e0357cb3493ba0bb2ae21053d702bc5b6bbe' , 3500004 , 'None' , 21000 , 21000 , 21000000000 , 21000 , '0x' , '[]' , '0x00000000000000000000000000000000000000000000000000000000000000000000000000000000000000000000000000000000000000000000000000000000000000000000000000000000000000000000000000000000000000000000000000000000000000000000000000000000000000000000000000000000000000000000000000000000000000000000000000000000000000000000000000000000000000000000000000000000000000000000000000000000000000000000000000000000000000000000000000000000000000000000000000000000000000000000000000000000000000000000000000000000000000000000000000000000' , '0x377fe55dc6157bf657f88163e29ac43d84de20c4569151cc81a2d238868c51b3' , '0x67d83261ed192bfc0b48fb2293756cf7fb84c8b025ee5c8536d26631d351dbfc' , -1 , 0 , 28 ,441000000000000);
INSERT INTO Quick VALUES ( '0x004830443e49306346b957c6d077e0357cb3493ba0bb2ae21053d702bc5b6bbe' , 'None' , 'None' , 3500004 , '0x790eD9808Cc831811d073998A0dD91D4Ac6493c3' , 0 , '0xaCC93483BBe665092fe77b70583d521fe1c89a77' , '10000000000000000000' );
INSERT INTO account VALUES('0x790eD9808Cc831811d073998A0dD91D4Ac6493c3',0,5) ON CONFLICT(address)  DO UPDATE SET (address,balance,txcount) = ('0x790eD9808Cc831811d073998A0dD91D4Ac6493c3',0,5);

INSERT INTO account VALUES('0xaCC93483BBe665092fe77b70583d521fe1c89a77',200000000200704,1) ON CONFLICT(address)  DO UPDATE SET (address,balance,txcount) = ('0xaCC93483BBe665092fe77b70583d521fe1c89a77',200000000200704,1);

INSERT INTO TX VALUES ( '0x45e4aacbc74a7c87140b21b4a57886847c9b4caf55cbe5f5652959ef156fb6d7' , 3500004 , 'None' , 71371 , 800000 , 20000000000 , 50371 , '0x40c10f19000000000000000000000000bd897c8885b40d014fb7941b3043b21adcc9ca1c0000000000000000000000000000000000000000000000000000000000000019' , '[AttributeDict({address: 0x6D4bB1cb0Ec716dd764c44c6cb1c3E5E552eBdD3, blockHash: HexBytes(0x5cde66821d552667371946d50167f6f6ebbfcbb2c43ded612ef19605597fdca7), blockNumber: 3500004, data: 0x0000000000000000000000000000000000000000000000000000000000000019, logIndex: 0, removed: False, topics: [HexBytes(0xab8530f87dc9b59234c4623bf917212bb2536d647574c8e7e5da92c2ede0c9f8), HexBytes(0x00000000000000000000000000269400181f1b379784bd8cdf786bb20e91bdef), HexBytes(0x000000000000000000000000bd897c8885b40d014fb7941b3043b21adcc9ca1c)], transactionHash: HexBytes(0x45e4aacbc74a7c87140b21b4a57886847c9b4caf55cbe5f5652959ef156fb6d7), transactionIndex: 1})]' , '0x00000000000000000000000000000000000000000000000000000100000000000000000000000000000000000000000000000000000000000000000000000000000000000000000000000000800080000000000000000000000000000000000000020000000000000000000000000000000000001000000000000000000000000000000000000000000000000000000000000000020000000000000000000000000000000000000000000000000000000000000000000000000000000000000000000000000002000000000000000000000000000000000000000000000100100000000000000000000000000001000000000000000800000000040000000000' , '0xfa23dfefd29708d451497880f98bc7aadee9f5032650edc8339fdbe5b6aa8564' , '0x3e837d68269a67257f72fa9ff5f33c9d16b07b3653bc30dafd64aad516a3e1cc' , -1 , 1 , 38 ,1007420000000000);
INSERT INTO Quick VALUES ( '0x45e4aacbc74a7c87140b21b4a57886847c9b4caf55cbe5f5652959ef156fb6d7' , 'None' , 'None' , 3500004 , '0x00269400181f1B379784BD8cDF786bb20e91Bdef' , 67 , '0x6D4bB1cb0Ec716dd764c44c6cb1c3E5E552eBdD3' , '0' );
INSERT INTO account VALUES('0x00269400181f1B379784BD8cDF786bb20e91Bdef',1033536141335814000,103) ON CONFLICT(address)  DO UPDATE SET (address,balance,txcount) = ('0x00269400181f1B379784BD8cDF786bb20e91Bdef',1033536141335814000,103);

INSERT INTO contract VALUES('0x6D4bB1cb0Ec716dd764c44c6cb1c3E5E552eBdD3') ON CONFLICT(address)  DO UPDATE SET address = '0x6D4bB1cb0Ec716dd764c44c6cb1c3E5E552eBdD3';

INSERT INTO TX VALUES ( '0x9ad71220ae5888bc9efe4972182f89dd397f0ccbedae89665445ae6f506ff1b4' , 3500004 , 'None' , 94271 , 39000 , 20000000000 , 22900 , '0x' , '[AttributeDict({address: 0x6AcfD8A6f67aAd5810dbe275FD632662B8Ddd3bA, blockHash: HexBytes(0x5cde66821d552667371946d50167f6f6ebbfcbb2c43ded612ef19605597fdca7), blockNumber: 3500004, data: 0x00000000000000000000000000000000000000000000000086333d21de470fa8, logIndex: 1, removed: False, topics: [HexBytes(0x90890809c654f11d6e72a28fa60149770a0d11ec6c92319d6ceb2bb0a4ea1a15), HexBytes(0x0000000000000000000000001e9939daaad6924ad004c2560e90804164900341), HexBytes(0x0000000000000000000000000000000000000000000000000000000000000058)], transactionHash: HexBytes(0x9ad71220ae5888bc9efe4972182f89dd397f0ccbedae89665445ae6f506ff1b4), transactionIndex: 2})]' , '0x00000000000000000000000000000000000000000400000000000000000000000000000000000000000000080080000008000000000000000000000000000000000000000000000000000080000000000001000000000000000000000000000000000000000000000000000000000000000000000000000000000000000000000000000000000000000000000004000000040000000000000000000000000000000000000000000000000000000000000000000000000000000000000000000000000000000000000000000000000001000200000000000000000000000000000000000000100000000000000000000000000000400000000000000000000000' , '0x69e6f8a1a1e5e720bc7b62aa8a554c96bff512ee163edc756d0bf5b4e61dd81b' , '0x3d2345021b4643ecc273d18b08f32d0cb9c45a6d23821565b2cbabf447366f73' , -1 , 2 , 38 ,458000000000000);
INSERT INTO Quick VALUES ( '0x9ad71220ae5888bc9efe4972182f89dd397f0ccbedae89665445ae6f506ff1b4' , 'None' , 'None' , 3500004 , '0x1E9939DaaAd6924AD004C2560e90804164900341' , 313761 , '0x6AcfD8A6f67aAd5810dbe275FD632662B8Ddd3bA' , '9670140040567001000' );
INSERT INTO account VALUES('0x1E9939DaaAd6924AD004C2560e90804164900341',10181106525597627,860924) ON CONFLICT(address)  DO UPDATE SET (address,balance,txcount) = ('0x1E9939DaaAd6924AD004C2560e90804164900341',10181106525597627,860924);

INSERT INTO contract VALUES('0x6AcfD8A6f67aAd5810dbe275FD632662B8Ddd3bA') ON CONFLICT(address)  DO UPDATE SET address = '0x6AcfD8A6f67aAd5810dbe275FD632662B8Ddd3bA';

INSERT INTO TX VALUES ( '0xaa5b97c4f03e76ab1c9ff2ea0799ac4c9c260c038cc55141fb10b067db525021' , 3500004 , 'None' , 115271 , 21000 , 20000000000 , 21000 , '0x' , '[]' , '0x00000000000000000000000000000000000000000000000000000000000000000000000000000000000000000000000000000000000000000000000000000000000000000000000000000000000000000000000000000000000000000000000000000000000000000000000000000000000000000000000000000000000000000000000000000000000000000000000000000000000000000000000000000000000000000000000000000000000000000000000000000000000000000000000000000000000000000000000000000000000000000000000000000000000000000000000000000000000000000000000000000000000000000000000000000000' , '0xf10030842e6029254c72ee6ecac4f825154f55611127ce5f578146244d9d0ec0' , '0x2a1fc3e0b36a8ebdb90a3202ba5b72287667fd2a8d5e6a055c746c0e11a437' , -1 , 3 , 38 ,420000000000000);
INSERT INTO Quick VALUES ( '0xaa5b97c4f03e76ab1c9ff2ea0799ac4c9c260c038cc55141fb10b067db525021' , 'None' , 'None' , 3500004 , '0xDaA5CFf6D3B54Bf957d122Ca6858Ba743AF9825D' , 5 , '0xB706adea06c90644d84EA7954fBB4610C9FB38fF' , '2795408254526667360' );
INSERT INTO account VALUES('0xDaA5CFf6D3B54Bf957d122Ca6858Ba743AF9825D',371166099000000000,8) ON CONFLICT(address)  DO UPDATE SET (address,balance,txcount) = ('0xDaA5CFf6D3B54Bf957d122Ca6858Ba743AF9825D',371166099000000000,8);

INSERT INTO account VALUES('0xB706adea06c90644d84EA7954fBB4610C9FB38fF',80380000000000,1) ON CONFLICT(address)  DO UPDATE SET (address,balance,txcount) = ('0xB706adea06c90644d84EA7954fBB4610C9FB38fF',80380000000000,1);

INSERT INTO TX VALUES ( '0xac4f12f801c695759c0d253ec0ca0fa4e3a3de84a008bf011ab70bba4997a4e3' , 3500004 , 'None' , 136271 , 100000 , 20000000000 , 21000 , '0x' , '[]' , '0x00000000000000000000000000000000000000000000000000000000000000000000000000000000000000000000000000000000000000000000000000000000000000000000000000000000000000000000000000000000000000000000000000000000000000000000000000000000000000000000000000000000000000000000000000000000000000000000000000000000000000000000000000000000000000000000000000000000000000000000000000000000000000000000000000000000000000000000000000000000000000000000000000000000000000000000000000000000000000000000000000000000000000000000000000000000' , '0xe2dc6b50bcd5872757b137e00148e9a21c64c40d621e313cd168b3b885e602da' , '0x74a0437a388c135f88cbe687f1e20647dbc9ff089c7208ac5be6444d631e7d77' , -1 , 4 , 37 ,420000000000000);
INSERT INTO Quick VALUES ( '0xac4f12f801c695759c0d253ec0ca0fa4e3a3de84a008bf011ab70bba4997a4e3' , 'None' , 'None' , 3500004 , '0xcf41a2C7a04637184AeCe8C605b004A52F430884' , 1770 , '0xC257274276a4E539741Ca11b590B9447B26A8051' , '1055517979046200000' );
INSERT INTO account VALUES('0xcf41a2C7a04637184AeCe8C605b004A52F430884',0,5528) ON CONFLICT(address)  DO UPDATE SET (address,balance,txcount) = ('0xcf41a2C7a04637184AeCe8C605b004A52F430884',0,5528);

INSERT INTO account VALUES('0xC257274276a4E539741Ca11b590B9447B26A8051',58094688399329837,5068) ON CONFLICT(address)  DO UPDATE SET (address,balance,txcount) = ('0xC257274276a4E539741Ca11b590B9447B26A8051',58094688399329837,5068);

INSERT INTO TX VALUES ( '0xb5ff3cef4b40e4dfcd3f6d3a4d8228bc4b969c50141a589e9666b7a78c17fc53' , 3500004 , 'None' , 196797 , 135369 , 20000000000 , 60526 , '0x665bcc32000000000000000000000000000000000000000000000000000000000000004000000000000000000000000000000000000000000000000000000000000000000000000000000000000000000000000000000000000000000000000000000001000000000000000000000000000000000000000000000000000000000000038a' , '[AttributeDict({address: 0xDfC328c19C8De45ac0117f836646378c10e0CdA3, blockHash: HexBytes(0x5cde66821d552667371946d50167f6f6ebbfcbb2c43ded612ef19605597fdca7), blockNumber: 3500004, data: 0x000000000000000000000000a3bc6b0d2347f06253cb6ecce6bf65eed4d9da210000000000000000000000000000000000000000000000000000000000000011000000000000000000000000000000000000000000000000000000000000038a, logIndex: 2, removed: False, topics: [HexBytes(0x38a332eb3aa0f3c1f4139e60234dbd0ad329da0a423413df4ca5936f2f733d81)], transactionHash: HexBytes(0xb5ff3cef4b40e4dfcd3f6d3a4d8228bc4b969c50141a589e9666b7a78c17fc53), transactionIndex: 5})]' , '0x00000000000000000000000000000000000000000000000000000000000000000000000000000000000400040000000000000000000000000000000000000000000000000000800000000000000000000000000000000000000000000000000000000000000000000000000000000000000000000000000000000000000000000000000000020000000000000000000000000000000000000000000000000000002000000000000000000000000000000000000000000000000000000000000000000000000000000000000000000000000000000000000000000000000000000000000000000000200000000000000000000000000000000000000000000000' , '0x216e878568ac505289a29121f75a150e82b31fc265abcf5dd59b002ff942fd93' , '0x638f72bf3d64660c5efacfaa9f859660995cfe0f2390eee227c932e315166f07' , -1 , 5 , 37 ,1210520000000000);
INSERT INTO Quick VALUES ( '0xb5ff3cef4b40e4dfcd3f6d3a4d8228bc4b969c50141a589e9666b7a78c17fc53' , 'None' , 'None' , 3500004 , '0xa92D36DC1CA4f505f1886503A0626c4aa8106497' , 5740 , '0xDfC328c19C8De45ac0117f836646378c10e0CdA3' , '0' );
INSERT INTO account VALUES('0xa92D36DC1CA4f505f1886503A0626c4aa8106497',55438579004279246,23656) ON CONFLICT(address)  DO UPDATE SET (address,balance,txcount) = ('0xa92D36DC1CA4f505f1886503A0626c4aa8106497',55438579004279246,23656);

INSERT INTO contract VALUES('0xDfC328c19C8De45ac0117f836646378c10e0CdA3') ON CONFLICT(address)  DO UPDATE SET address = '0xDfC328c19C8De45ac0117f836646378c10e0CdA3';

INSERT INTO TX VALUES ( '0xe9d672f9ead5044d9d240af60f4aa125441cc53c078bbfc1c2d2f35b281752b0' , 3500004 , 'None' , 219763 , 39000 , 20000000000 , 22966 , '0x' , '[AttributeDict({address: 0x70154B8BF38399E6545fD11844CF8A9e179a67e6, blockHash: HexBytes(0x5cde66821d552667371946d50167f6f6ebbfcbb2c43ded612ef19605597fdca7), blockNumber: 3500004, data: 0x0000000000000000000000000000000000000000000000000dec551e7082b800, logIndex: 3, removed: False, topics: [HexBytes(0x90890809c654f11d6e72a28fa60149770a0d11ec6c92319d6ceb2bb0a4ea1a15), HexBytes(0x0000000000000000000000001e9939daaad6924ad004c2560e90804164900341), HexBytes(0x0000000000000000000000000000000000000000000000000000000000000058)], transactionHash: HexBytes(0xe9d672f9ead5044d9d240af60f4aa125441cc53c078bbfc1c2d2f35b281752b0), transactionIndex: 6})]' , '0x00000000000000000000000000000000000000000400000000000000000000000000000000000000000000000080000008000000000000000000000000000000000000000000004000000080000000000001000000000000000000000000000000000000000000000000000000000000000000000000000000000000000000000000000000000000000000000004000000000000000000000000000000000000000000000000000000000000000000000000000000000000000000000000000000000000000000000000000000000001000000000000000000002000000000000000000000100000000000000000000000000000404000000000000000000000' , '0x4bc23b7aab34372831af60df22ddb8b8b9b59a0f8d376f341a4927d745195035' , '0x07c5b78e6848d1fbf46a21dfa04f36fd4eea0dcb2db790405b1ec1492c8b9086' , -1 , 6 , 38 ,459320000000000);
INSERT INTO Quick VALUES ( '0xe9d672f9ead5044d9d240af60f4aa125441cc53c078bbfc1c2d2f35b281752b0' , 'None' , 'None' , 3500004 , '0x1E9939DaaAd6924AD004C2560e90804164900341' , 313762 , '0x70154B8BF38399E6545fD11844CF8A9e179a67e6' , '1003270406221772800' );
INSERT INTO account VALUES('0x1E9939DaaAd6924AD004C2560e90804164900341',10181106525597627,860924) ON CONFLICT(address)  DO UPDATE SET (address,balance,txcount) = ('0x1E9939DaaAd6924AD004C2560e90804164900341',10181106525597627,860924);

INSERT INTO contract VALUES('0x70154B8BF38399E6545fD11844CF8A9e179a67e6') ON CONFLICT(address)  DO UPDATE SET address = '0x70154B8BF38399E6545fD11844CF8A9e179a67e6';

INSERT INTO TX VALUES ( '0x3fdfb2c49dd8f30ea0d3a5d8614d9a9dd3474fedc90f7afca03821d0b9cee099' , 3500004 , 'None' , 240763 , 39000 , 20000000000 , 21000 , '0x' , '[]' , '0x00000000000000000000000000000000000000000000000000000000000000000000000000000000000000000000000000000000000000000000000000000000000000000000000000000000000000000000000000000000000000000000000000000000000000000000000000000000000000000000000000000000000000000000000000000000000000000000000000000000000000000000000000000000000000000000000000000000000000000000000000000000000000000000000000000000000000000000000000000000000000000000000000000000000000000000000000000000000000000000000000000000000000000000000000000000' , '0x1081395f476e0bc13059534129f707d67e8c442378e591778ee40b3be864d35f' , '0x3020e1b02222a719ce08eca306d2241c0b7572715d1f336b09fd9ccce012d98c' , -1 , 7 , 37 ,420000000000000);
INSERT INTO Quick VALUES ( '0x3fdfb2c49dd8f30ea0d3a5d8614d9a9dd3474fedc90f7afca03821d0b9cee099' , 'None' , 'None' , 3500004 , '0x1E9939DaaAd6924AD004C2560e90804164900341' , 313763 , '0x8736302d5Ee87AC4C45333fa0A6184B910895564' , '1031357824636616400' );
INSERT INTO account VALUES('0x1E9939DaaAd6924AD004C2560e90804164900341',10181106525597627,860924) ON CONFLICT(address)  DO UPDATE SET (address,balance,txcount) = ('0x1E9939DaaAd6924AD004C2560e90804164900341',10181106525597627,860924);

INSERT INTO account VALUES('0x8736302d5Ee87AC4C45333fa0A6184B910895564',12660000000003940,54) ON CONFLICT(address)  DO UPDATE SET (address,balance,txcount) = ('0x8736302d5Ee87AC4C45333fa0A6184B910895564',12660000000003940,54);

UPDATE block 
 SET totalFee =5.00483626
 WHERE blockNumber = 3500004;
INSERT INTO block VALUES ( 3500005 , 447597 , '0x8d0edb2f8dac0c3a7ec3368b7184e32d92ecf7eca29b4ffe5fa809d11e8dfab5' , '0x000000000000000000000000000000000002000004000000000000000000008000000000000000000004000c0080000008000000000000000000000000000000008000000000000000000080000000004001000000004000000000000000000000000100000000000000010000000000000000000000000000000000080000000000000000000000000001000004000000000000000000000000000000000000000000080000004080000000000000000000000000000000020000000000000000000000000000000000000000000001000000000000000000000000000000000000000000100000200000000000000000000000400000000000000000000000' , '0xb97c267002dc3e4d' , '250458585264398' , '0x65746865726d696e65202d204153494134' , 4258885 , '0xEA674fdDe714fd979de3EdF0F56AA9716B898ec8' , '0xc88eeed1963e15298ed6a12802546daaac82748c1f86939f85e175d9f79a0de0' , '0x5cde66821d552667371946d50167f6f6ebbfcbb2c43ded612ef19605597fdca7' , '0x1d35c64741ada942ed477d65f9891c2b31af8397840e05a739ed54f3c88a0121' , '0x1dcc4de8dec75d7aab85b567b6ccd41ad312451b948a7413f0a142fd40d49347' , 2262 , '0x289522a2b4981b03e25d22604e73c768d45d12f82329d5cb3486a34a02bb8a40' , 1491667266 , '199307029224772179101' , '0xf951f7434ce53e4fa5cac68d9773a3626c149eb15f9e9847fc7e6dd72c7505e4' , '[]' ,44.339554);
INSERT INTO account VALUES('0xEA674fdDe714fd979de3EdF0F56AA9716B898ec8',902583061617309983346,27080925) ON CONFLICT(address)  DO UPDATE SET (address,balance,txcount) = ('0xEA674fdDe714fd979de3EdF0F56AA9716B898ec8',902583061617309983346,27080925);

INSERT INTO TX VALUES ( '0xc0293537001163fda00ac1653cf0b39144da29c98694989aeaaeca254e27d1cf' , 3500005 , 'None' , 21000 , 333333 , 30000000000 , 21000 , '0x' , '[]' , '0x00000000000000000000000000000000000000000000000000000000000000000000000000000000000000000000000000000000000000000000000000000000000000000000000000000000000000000000000000000000000000000000000000000000000000000000000000000000000000000000000000000000000000000000000000000000000000000000000000000000000000000000000000000000000000000000000000000000000000000000000000000000000000000000000000000000000000000000000000000000000000000000000000000000000000000000000000000000000000000000000000000000000000000000000000000000' , '0x723a4fa59319d68a3942e6ad6a4ffb7951f75e01053c2a1aebfcd376dd7f5404' , '0x7f7bce8bb7368990dea4e0c875fe7856dc59831a7db85af9da4459c1fe4b0d49' , -1 , 0 , 38 ,630000000000000);
INSERT INTO Quick VALUES ( '0xc0293537001163fda00ac1653cf0b39144da29c98694989aeaaeca254e27d1cf' , 'None' , 'None' , 3500005 , '0x32Be343B94f860124dC4fEe278FDCBD38C102D88' , 267977 , '0x258c07D9d31aDe6248c5319B39729BbB68cCA163' , '2038800000000000000' );
INSERT INTO account VALUES('0x32Be343B94f860124dC4fEe278FDCBD38C102D88',397164999944854000,1447094) ON CONFLICT(address)  DO UPDATE SET (address,balance,txcount) = ('0x32Be343B94f860124dC4fEe278FDCBD38C102D88',397164999944854000,1447094);

INSERT INTO account VALUES('0x258c07D9d31aDe6248c5319B39729BbB68cCA163',0,1) ON CONFLICT(address)  DO UPDATE SET (address,balance,txcount) = ('0x258c07D9d31aDe6248c5319B39729BbB68cCA163',0,1);

INSERT INTO TX VALUES ( '0xcf9b30f9ebbab4a09988bd252a88901453863aeaa72d581e4ecad0d47c34e83d' , 3500005 , 'None' , 42000 , 90000 , 25000000000 , 21000 , '0x' , '[]' , '0x00000000000000000000000000000000000000000000000000000000000000000000000000000000000000000000000000000000000000000000000000000000000000000000000000000000000000000000000000000000000000000000000000000000000000000000000000000000000000000000000000000000000000000000000000000000000000000000000000000000000000000000000000000000000000000000000000000000000000000000000000000000000000000000000000000000000000000000000000000000000000000000000000000000000000000000000000000000000000000000000000000000000000000000000000000000' , '0xc06e4651b3df7362dcaaf7dcd4e6d473d61d094489e864985039e26ed21c30af' , '0x171a27b0814ab5d29e635ac0a9399def7d43a42cdcb611ade0804aa07b1a39b9' , -1 , 1 , 37 ,525000000000000);
INSERT INTO Quick VALUES ( '0xcf9b30f9ebbab4a09988bd252a88901453863aeaa72d581e4ecad0d47c34e83d' , 'None' , 'None' , 3500005 , '0x2a65Aca4D5fC5B5C859090a6c34d164135398226' , 2100478 , '0x3fd2D0a327EAf540c55Ed93906B3D363ad4960a6' , '198372900000000000' );
INSERT INTO account VALUES('0x2a65Aca4D5fC5B5C859090a6c34d164135398226',2638787877517380044250,4659886) ON CONFLICT(address)  DO UPDATE SET (address,balance,txcount) = ('0x2a65Aca4D5fC5B5C859090a6c34d164135398226',2638787877517380044250,4659886);

INSERT INTO account VALUES('0x3fd2D0a327EAf540c55Ed93906B3D363ad4960a6',8120361746461160,39) ON CONFLICT(address)  DO UPDATE SET (address,balance,txcount) = ('0x3fd2D0a327EAf540c55Ed93906B3D363ad4960a6',8120361746461160,39);

INSERT INTO TX VALUES ( '0x1317476758f830633c1c133eeb9b6a6b276baf7aa916ca719c03f4dcc11efd5b' , 3500005 , 'None' , 63000 , 21000 , 21000000000 , 21000 , '0x' , '[]' , '0x00000000000000000000000000000000000000000000000000000000000000000000000000000000000000000000000000000000000000000000000000000000000000000000000000000000000000000000000000000000000000000000000000000000000000000000000000000000000000000000000000000000000000000000000000000000000000000000000000000000000000000000000000000000000000000000000000000000000000000000000000000000000000000000000000000000000000000000000000000000000000000000000000000000000000000000000000000000000000000000000000000000000000000000000000000000' , '0x44a10e6dbdfd001be7cb4534982a4c9d228d30d05b288abb1509dfcd0ee23a1d' , '0x15f77facfea88934b959d983edc0a153c8fd889c412d972dd825d7cd22e52617' , -1 , 2 , 27 ,441000000000000);
INSERT INTO Quick VALUES ( '0x1317476758f830633c1c133eeb9b6a6b276baf7aa916ca719c03f4dcc11efd5b' , 'None' , 'None' , 3500005 , '0x3A863Fd26a7Cc14a735eBA339dfB7e064F0Ae9Cd' , 4 , '0x1E6B01732336Ab37076d33c465EBD59d7BbE2C28' , '3648483000000000000' );
INSERT INTO account VALUES('0x3A863Fd26a7Cc14a735eBA339dfB7e064F0Ae9Cd',52608716153331165120,34) ON CONFLICT(address)  DO UPDATE SET (address,balance,txcount) = ('0x3A863Fd26a7Cc14a735eBA339dfB7e064F0Ae9Cd',52608716153331165120,34);

INSERT INTO account VALUES('0x1E6B01732336Ab37076d33c465EBD59d7BbE2C28',200000000199680,1) ON CONFLICT(address)  DO UPDATE SET (address,balance,txcount) = ('0x1E6B01732336Ab37076d33c465EBD59d7BbE2C28',200000000199680,1);

INSERT INTO TX VALUES ( '0x21349d753e7384bd9a5889f985890c073c128f563c9de00feaf9041575c4df8c' , 3500005 , 'None' , 86448 , 90000 , 20000000000 , 23448 , '0x017112204445c2e24aeba98a27d9fd7a9dc6947fd4fc91870353c444b2265dfb87656106' , '[]' , '0x00000000000000000000000000000000000000000000000000000000000000000000000000000000000000000000000000000000000000000000000000000000000000000000000000000000000000000000000000000000000000000000000000000000000000000000000000000000000000000000000000000000000000000000000000000000000000000000000000000000000000000000000000000000000000000000000000000000000000000000000000000000000000000000000000000000000000000000000000000000000000000000000000000000000000000000000000000000000000000000000000000000000000000000000000000000' , '0xa6c1574d21b7af056f74d5853a39f661ae93eaf8e024a435ebefacdbab91c479' , '0x75f92e579beaa04c7ece95233248276e6d908d3b34965bb931fe67bb6eee0e40' , -1 , 3 , 37 ,468960000000000);
INSERT INTO Quick VALUES ( '0x21349d753e7384bd9a5889f985890c073c128f563c9de00feaf9041575c4df8c' , 'None' , 'None' , 3500005 , '0x5173829b2Daeac6FfbCcc10E6B351D8380C14A9E' , 14150 , '0x5173829b2Daeac6FfbCcc10E6B351D8380C14A9E' , '0' );
INSERT INTO account VALUES('0x5173829b2Daeac6FfbCcc10E6B351D8380C14A9E',1678352568585736,23219) ON CONFLICT(address)  DO UPDATE SET (address,balance,txcount) = ('0x5173829b2Daeac6FfbCcc10E6B351D8380C14A9E',1678352568585736,23219);

INSERT INTO account VALUES('0x5173829b2Daeac6FfbCcc10E6B351D8380C14A9E',1678352568585736,23219) ON CONFLICT(address)  DO UPDATE SET (address,balance,txcount) = ('0x5173829b2Daeac6FfbCcc10E6B351D8380C14A9E',1678352568585736,23219);

INSERT INTO TX VALUES ( '0x21af4f80992c8d8752b7335222038301dbee50417d2d85fcd9dd5e1b950f5cc4' , 3500005 , 'None' , 107448 , 21001 , 20000000000 , 21000 , '0x' , '[]' , '0x00000000000000000000000000000000000000000000000000000000000000000000000000000000000000000000000000000000000000000000000000000000000000000000000000000000000000000000000000000000000000000000000000000000000000000000000000000000000000000000000000000000000000000000000000000000000000000000000000000000000000000000000000000000000000000000000000000000000000000000000000000000000000000000000000000000000000000000000000000000000000000000000000000000000000000000000000000000000000000000000000000000000000000000000000000000' , '0x079c3401cb77f171c4f385c5de84fbebb01d6e85244a5f890be09ddd4b28c32e' , '0x62e0f71b0f262f38bf5b516bd3ff0d111be0aa31be0e3cf22b03976947a8a525' , -1 , 4 , 37 ,420000000000000);
INSERT INTO Quick VALUES ( '0x21af4f80992c8d8752b7335222038301dbee50417d2d85fcd9dd5e1b950f5cc4' , 'None' , 'None' , 3500005 , '0x517c265F45eAc01389dbB3045206c1d07C7A178c' , 12205 , '0x9e26E661128a8198B5b3C1b982d516640F1F79DC' , '240000000000000000' );
INSERT INTO account VALUES('0x517c265F45eAc01389dbB3045206c1d07C7A178c',596000000000,18664) ON CONFLICT(address)  DO UPDATE SET (address,balance,txcount) = ('0x517c265F45eAc01389dbB3045206c1d07C7A178c',596000000000,18664);

INSERT INTO account VALUES('0x9e26E661128a8198B5b3C1b982d516640F1F79DC',0,19) ON CONFLICT(address)  DO UPDATE SET (address,balance,txcount) = ('0x9e26E661128a8198B5b3C1b982d516640F1F79DC',0,19);

INSERT INTO TX VALUES ( '0x2fe4421683d40cdd65da35392b2b3e98d4103d33f25a2275253a19b91677d36d' , 3500005 , 'None' , 140744 , 40000 , 20000000000 , 33296 , '0x0f2c932900000000000000000000000051836a753e344257b361519e948ffcaf5fb8d52100000000000000000000000069a04b4185db292d80a983e823b150ff2418a10b' , '[]' , '0x00000000000000000000000000000000000000000000000000000000000000000000000000000000000000000000000000000000000000000000000000000000000000000000000000000000000000000000000000000000000000000000000000000000000000000000000000000000000000000000000000000000000000000000000000000000000000000000000000000000000000000000000000000000000000000000000000000000000000000000000000000000000000000000000000000000000000000000000000000000000000000000000000000000000000000000000000000000000000000000000000000000000000000000000000000000' , '0x7932a79f51610e48c7a7e148f71478932d97d826502a62a1718273f2b9890463' , '0x1a739b9ac453fb200d673281c09dbcaaaec854c29d8eece1f519d3b9fcadb14b' , -1 , 5 , 38 ,665920000000000);
INSERT INTO Quick VALUES ( '0x2fe4421683d40cdd65da35392b2b3e98d4103d33f25a2275253a19b91677d36d' , 'None' , 'None' , 3500005 , '0xc7a46c1f4509477e02d09aeB80AdAF9ff0bfaBc7' , 375 , '0x9554EFa1669014C25070BC23C2dF262825704228' , '1009019210384995468' );
INSERT INTO account VALUES('0xc7a46c1f4509477e02d09aeB80AdAF9ff0bfaBc7',54081691769823,836) ON CONFLICT(address)  DO UPDATE SET (address,balance,txcount) = ('0xc7a46c1f4509477e02d09aeB80AdAF9ff0bfaBc7',54081691769823,836);

INSERT INTO contract VALUES('0x9554EFa1669014C25070BC23C2dF262825704228') ON CONFLICT(address)  DO UPDATE SET address = '0x9554EFa1669014C25070BC23C2dF262825704228';

INSERT INTO TX VALUES ( '0x5503a64b841d0b774947fcc124c22814758aab995c02650e1e2f05a0158b6502' , 3500005 , 'None' , 174040 , 40000 , 20000000000 , 33296 , '0x0f2c932900000000000000000000000051836a753e344257b361519e948ffcaf5fb8d52100000000000000000000000069a04b4185db292d80a983e823b150ff2418a10b' , '[]' , '0x00000000000000000000000000000000000000000000000000000000000000000000000000000000000000000000000000000000000000000000000000000000000000000000000000000000000000000000000000000000000000000000000000000000000000000000000000000000000000000000000000000000000000000000000000000000000000000000000000000000000000000000000000000000000000000000000000000000000000000000000000000000000000000000000000000000000000000000000000000000000000000000000000000000000000000000000000000000000000000000000000000000000000000000000000000000' , '0x249eefe51089903d40a2ebab1e4176b7ce34c324507277d2a36ee8d8376e6311' , '0x30f1be311a4e53aa76de1f6eaa05762b1113ffc2ac660dda8e376e4d141cf7cf' , -1 , 6 , 37 ,665920000000000);
INSERT INTO Quick VALUES ( '0x5503a64b841d0b774947fcc124c22814758aab995c02650e1e2f05a0158b6502' , 'None' , 'None' , 3500005 , '0x65CC0D91B86eb36F6080D3f4C2CdcFF799b2F5e7' , 2 , '0x9554EFa1669014C25070BC23C2dF262825704228' , '29989567270000001039' );
INSERT INTO account VALUES('0x65CC0D91B86eb36F6080D3f4C2CdcFF799b2F5e7',67603000000000,24) ON CONFLICT(address)  DO UPDATE SET (address,balance,txcount) = ('0x65CC0D91B86eb36F6080D3f4C2CdcFF799b2F5e7',67603000000000,24);

INSERT INTO contract VALUES('0x9554EFa1669014C25070BC23C2dF262825704228') ON CONFLICT(address)  DO UPDATE SET address = '0x9554EFa1669014C25070BC23C2dF262825704228';

INSERT INTO TX VALUES ( '0x72ff4761636d6d45306d1dd34e18287e9795ac98d85d57df3990418bd5501504' , 3500005 , 'None' , 195040 , 90000 , 20000000000 , 21000 , '0x' , '[]' , '0x00000000000000000000000000000000000000000000000000000000000000000000000000000000000000000000000000000000000000000000000000000000000000000000000000000000000000000000000000000000000000000000000000000000000000000000000000000000000000000000000000000000000000000000000000000000000000000000000000000000000000000000000000000000000000000000000000000000000000000000000000000000000000000000000000000000000000000000000000000000000000000000000000000000000000000000000000000000000000000000000000000000000000000000000000000000' , '0xf9cf4e29a907ed4eb4d4b7c2c7010ee92e99e2fcec12389ea90b94272e711851' , '0x200186986ab40fd66d1e4522615eefac7744977eb1a71cdd86c9e345f54b71c5' , -1 , 7 , 38 ,420000000000000);
INSERT INTO Quick VALUES ( '0x72ff4761636d6d45306d1dd34e18287e9795ac98d85d57df3990418bd5501504' , 'None' , 'None' , 3500005 , '0xC3d9C17d7F6988C0fe7eBe929C47eFCCBd92bE13' , 1107 , '0xD421A621bF8eF8f7E673b51EFB20f8E43fa9CAd7' , '20000000000000000000' );
INSERT INTO account VALUES('0xC3d9C17d7F6988C0fe7eBe929C47eFCCBd92bE13',0,72430) ON CONFLICT(address)  DO UPDATE SET (address,balance,txcount) = ('0xC3d9C17d7F6988C0fe7eBe929C47eFCCBd92bE13',0,72430);

INSERT INTO account VALUES('0xD421A621bF8eF8f7E673b51EFB20f8E43fa9CAd7',591680000000000,3) ON CONFLICT(address)  DO UPDATE SET (address,balance,txcount) = ('0xD421A621bF8eF8f7E673b51EFB20f8E43fa9CAd7',591680000000000,3);

INSERT INTO TX VALUES ( '0x7960927fc5cb0ba7b465a9f69faad57d823c8ee5feb678568b05dfe0644768aa' , 3500005 , 'None' , 216040 , 21000 , 20000000000 , 21000 , '0x' , '[]' , '0x00000000000000000000000000000000000000000000000000000000000000000000000000000000000000000000000000000000000000000000000000000000000000000000000000000000000000000000000000000000000000000000000000000000000000000000000000000000000000000000000000000000000000000000000000000000000000000000000000000000000000000000000000000000000000000000000000000000000000000000000000000000000000000000000000000000000000000000000000000000000000000000000000000000000000000000000000000000000000000000000000000000000000000000000000000000' , '0x3e3f1aef4d788b4b2eea149d182c5e8366d339c9582dd159be8d034b51688c24' , '0x35a65f69b50e707888224faf5403cdd41a53edb56b7734a943434ee21e26139a' , -1 , 8 , 37 ,420000000000000);
INSERT INTO Quick VALUES ( '0x7960927fc5cb0ba7b465a9f69faad57d823c8ee5feb678568b05dfe0644768aa' , 'None' , 'None' , 3500005 , '0xfEeB9ae77de558897e2870bf9C41343bC8149Ad9' , 21 , '0x91337A300e0361BDDb2e377DD4e88CCB7796663D' , '168214800000000000' );
INSERT INTO account VALUES('0xfEeB9ae77de558897e2870bf9C41343bC8149Ad9',3232498409,78) ON CONFLICT(address)  DO UPDATE SET (address,balance,txcount) = ('0xfEeB9ae77de558897e2870bf9C41343bC8149Ad9',3232498409,78);

INSERT INTO account VALUES('0x91337A300e0361BDDb2e377DD4e88CCB7796663D',200010439353882,100413) ON CONFLICT(address)  DO UPDATE SET (address,balance,txcount) = ('0x91337A300e0361BDDb2e377DD4e88CCB7796663D',200010439353882,100413);

INSERT INTO TX VALUES ( '0x8bbcccb98b7d711de444ac35875ebab5561aace7feaeaf87ec1247d3c70b2fe3' , 3500005 , 'None' , 238985 , 39000 , 20000000000 , 22945 , '0x' , '[AttributeDict({address: 0xC3d0AD8EdcCC82CC9F40aD76013Fc196357aBA75, blockHash: HexBytes(0x8d0edb2f8dac0c3a7ec3368b7184e32d92ecf7eca29b4ffe5fa809d11e8dfab5), blockNumber: 3500005, data: 0x0000000000000000000000000000000000000000000000008b0dcc4252bc1f70, logIndex: 0, removed: False, topics: [HexBytes(0x90890809c654f11d6e72a28fa60149770a0d11ec6c92319d6ceb2bb0a4ea1a15), HexBytes(0x0000000000000000000000001e9939daaad6924ad004c2560e90804164900341), HexBytes(0x0000000000000000000000000000000000000000000000000000000000000058)], transactionHash: HexBytes(0x8bbcccb98b7d711de444ac35875ebab5561aace7feaeaf87ec1247d3c70b2fe3), transactionIndex: 9})]' , '0x00000000000000000000000000000000000000000400000000000000000000000000000000000000000000000080000008000000000000000000000000000000008000000000000000000080000000000001000000000000000000000000000000000100000000000000000000000000000000000000000000000000000000000000000000000000000001000004000000000000000000000000000000000000000000000000000000000000000000000000000000000000000000000000000000000000000000000000000000000001000000000000000000000000000000000000000000100000000000000000000000000000400000000000000000000000' , '0x57777c56aeddbf7c67e971f51b3208442fe535c1e6bdfa0d84c625cf12251c94' , '0x56dcee403f2a5545b20539892b54a03fa2adb350486ac0b36e98389b53c526c4' , -1 , 9 , 37 ,458900000000000);
INSERT INTO Quick VALUES ( '0x8bbcccb98b7d711de444ac35875ebab5561aace7feaeaf87ec1247d3c70b2fe3' , 'None' , 'None' , 3500005 , '0x1E9939DaaAd6924AD004C2560e90804164900341' , 313764 , '0xC3d0AD8EdcCC82CC9F40aD76013Fc196357aBA75' , '10019889331197190000' );
INSERT INTO account VALUES('0x1E9939DaaAd6924AD004C2560e90804164900341',10181106525597627,860924) ON CONFLICT(address)  DO UPDATE SET (address,balance,txcount) = ('0x1E9939DaaAd6924AD004C2560e90804164900341',10181106525597627,860924);

INSERT INTO contract VALUES('0xC3d0AD8EdcCC82CC9F40aD76013Fc196357aBA75') ON CONFLICT(address)  DO UPDATE SET address = '0xC3d0AD8EdcCC82CC9F40aD76013Fc196357aBA75';

INSERT INTO TX VALUES ( '0xb3a75d15ec2a84fc382571a50c9595001b8b744a5e327c6ba6426a92a7ac1902' , 3500005 , 'None' , 259985 , 21000 , 20000000000 , 21000 , '0x' , '[]' , '0x00000000000000000000000000000000000000000000000000000000000000000000000000000000000000000000000000000000000000000000000000000000000000000000000000000000000000000000000000000000000000000000000000000000000000000000000000000000000000000000000000000000000000000000000000000000000000000000000000000000000000000000000000000000000000000000000000000000000000000000000000000000000000000000000000000000000000000000000000000000000000000000000000000000000000000000000000000000000000000000000000000000000000000000000000000000' , '0xb44dcba7a1eaf54aebfa185da512e655902b5dabf77d71f9992e4edcda8967e4' , '0x05ca3810e6938fd54440966ee96cdfc6a6bcbfeec258c4d773252cd65fda2168' , -1 , 10 , 37 ,420000000000000);
INSERT INTO Quick VALUES ( '0xb3a75d15ec2a84fc382571a50c9595001b8b744a5e327c6ba6426a92a7ac1902' , 'None' , 'None' , 3500005 , '0x681B11B115ba2fa43cf4Ddf619DfF516fdEcE1bc' , 1 , '0x91337A300e0361BDDb2e377DD4e88CCB7796663D' , '494580000000000000' );
INSERT INTO account VALUES('0x681B11B115ba2fa43cf4Ddf619DfF516fdEcE1bc',0,17) ON CONFLICT(address)  DO UPDATE SET (address,balance,txcount) = ('0x681B11B115ba2fa43cf4Ddf619DfF516fdEcE1bc',0,17);

INSERT INTO account VALUES('0x91337A300e0361BDDb2e377DD4e88CCB7796663D',200010439353882,100413) ON CONFLICT(address)  DO UPDATE SET (address,balance,txcount) = ('0x91337A300e0361BDDb2e377DD4e88CCB7796663D',200010439353882,100413);

INSERT INTO TX VALUES ( '0xe1b28d0bef06057d8a43507069f09632945ef1fe039d12e51d0b30ca6b590800' , 3500005 , 'None' , 426597 , 400000 , 20000000000 , 166612 , '0x257bcd6a010000000000000000000000000000000000000000000000000000200000000000000000000000000000000000000000000000000000000000000000000000010000000000000000000000000000000000000000000000000000000000000000' , '[AttributeDict({address: 0xcCeD5B8288086BE8c38E23567e684C3740be4D48, blockHash: HexBytes(0x8d0edb2f8dac0c3a7ec3368b7184e32d92ecf7eca29b4ffe5fa809d11e8dfab5), blockNumber: 3500005, data: 0x0000000000000000000000000000000000000000000000000000000065065ab600000000000000000000000000000000000000000000000000470de4df820000000000000000000000000000000000000000000000000000000000000000009600000000000000000000000000000000000000000000000000000002540be400000000000000000000000000000000000000000000000000000649ce3d40a000, logIndex: 1, removed: False, topics: [HexBytes(0x7d19c7776f05049226f581a23a4df896c65115763d8ec30490658efc4e8649cd), HexBytes(0x000000000000000000000000a3bc6b0d2347f06253cb6ecce6bf65eed4d9da21)], transactionHash: HexBytes(0xe1b28d0bef06057d8a43507069f09632945ef1fe039d12e51d0b30ca6b590800), transactionIndex: 11}), AttributeDict({address: 0xDfC328c19C8De45ac0117f836646378c10e0CdA3, blockHash: HexBytes(0x8d0edb2f8dac0c3a7ec3368b7184e32d92ecf7eca29b4ffe5fa809d11e8dfab5), blockNumber: 3500005, data: 0x000000000000000000000000000000000000000000000000000000000000038b0000000000000000000000000000000000000000000000000000000065065ab6, logIndex: 2, removed: False, topics: [HexBytes(0x8a0f1e52443beebd562effb53b94f903320af76cbdca2deb2d2bf01cf119d6dc)], transactionHash: HexBytes(0xe1b28d0bef06057d8a43507069f09632945ef1fe039d12e51d0b30ca6b590800), transactionIndex: 11})]' , '0x000000000000000000000000000000000002000000000000000000000000008000000000000000000004000c0000000000000000000000000000000000000000000000000000000000000000000000004000000000004000000000000000000000000000000000000000010000000000000000000000000000000000080000000000000000000000000000000000000000000000000000000000000000000000000000080000004080000000000000000000000000000000020000000000000000000000000000000000000000000000000000000000000000000000000000000000000000100000200000000000000000000000000000000000000000000000' , '0xc460ff58952e205464a57970f9d7deef744d94853f7f796bad088363bc6e46c5' , '0x0429e3a150ee7b73413ee0535a10c224e5a21bced047658e134f85d75c13ea4f' , -1 , 11 , 27 ,3332240000000000);
INSERT INTO Quick VALUES ( '0xe1b28d0bef06057d8a43507069f09632945ef1fe039d12e51d0b30ca6b590800' , 'None' , 'None' , 3500005 , '0xA3bc6B0d2347F06253CB6ECce6bF65EED4d9da21' , 31 , '0xDfC328c19C8De45ac0117f836646378c10e0CdA3' , '20000000000000000' );
INSERT INTO account VALUES('0xA3bc6B0d2347F06253CB6ECce6bF65EED4d9da21',1413314754248993,167) ON CONFLICT(address)  DO UPDATE SET (address,balance,txcount) = ('0xA3bc6B0d2347F06253CB6ECce6bF65EED4d9da21',1413314754248993,167);

INSERT INTO contract VALUES('0xDfC328c19C8De45ac0117f836646378c10e0CdA3') ON CONFLICT(address)  DO UPDATE SET address = '0xDfC328c19C8De45ac0117f836646378c10e0CdA3';

INSERT INTO TX VALUES ( '0xb524636681045d11016bb9513879920c014182705fe5f7c71f1f9182cab9a1b3' , 3500005 , 'None' , 447597 , 39000 , 20000000000 , 21000 , '0x' , '[]' , '0x00000000000000000000000000000000000000000000000000000000000000000000000000000000000000000000000000000000000000000000000000000000000000000000000000000000000000000000000000000000000000000000000000000000000000000000000000000000000000000000000000000000000000000000000000000000000000000000000000000000000000000000000000000000000000000000000000000000000000000000000000000000000000000000000000000000000000000000000000000000000000000000000000000000000000000000000000000000000000000000000000000000000000000000000000000000' , '0xfcfa521f05eeb947f99e232bb9dc749d08e1209ff80773d49eeb73448f9c4d6c' , '0x06d9c038c96693d4b1fbdd369cefd8f70eadce10a61d92299c4fcfa4b87e8f23' , -1 , 12 , 38 ,420000000000000);
INSERT INTO Quick VALUES ( '0xb524636681045d11016bb9513879920c014182705fe5f7c71f1f9182cab9a1b3' , 'None' , 'None' , 3500005 , '0x1E9939DaaAd6924AD004C2560e90804164900341' , 313765 , '0xc57aD98BD20EbD55eE10943a8995029806DB0fb1' , '1000873209103349800' );
INSERT INTO account VALUES('0x1E9939DaaAd6924AD004C2560e90804164900341',10181106525597627,860924) ON CONFLICT(address)  DO UPDATE SET (address,balance,txcount) = ('0x1E9939DaaAd6924AD004C2560e90804164900341',10181106525597627,860924);

INSERT INTO account VALUES('0xc57aD98BD20EbD55eE10943a8995029806DB0fb1',1172909680168442,73) ON CONFLICT(address)  DO UPDATE SET (address,balance,txcount) = ('0xc57aD98BD20EbD55eE10943a8995029806DB0fb1',1172909680168442,73);

UPDATE block 
 SET totalFee =5.00928794
 WHERE blockNumber = 3500005;
INSERT INTO block VALUES ( 3500006 , 21000 , '0x7a6453a191ad95593b41c66dedc7a6ac427922cf33d33756ad9f9c6b2ac591b5' , '0x00000000000000000000000000000000000000000000000000000000000000000000000000000000000000000000000000000000000000000000000000000000000000000000000000000000000000000000000000000000000000000000000000000000000000000000000000000000000000000000000000000000000000000000000000000000000000000000000000000000000000000000000000000000000000000000000000000000000000000000000000000000000000000000000000000000000000000000000000000000000000000000000000000000000000000000000000000000000000000000000000000000000000000000000000000000' , '0x4b89b86003f61d15' , '250589469430076' , '0x65746865726d696e65202d20455533' , 4263029 , '0xEA674fdDe714fd979de3EdF0F56AA9716B898ec8' , '0xafa2c8d2fc349ffd26c92265b4954ab91f3f79845072b9e69b6cdcb03e4efeda' , '0x8d0edb2f8dac0c3a7ec3368b7184e32d92ecf7eca29b4ffe5fa809d11e8dfab5' , '0x25db077ffd3d62f8f6d5927ba1d13d8606c73e04852d2c5b2b907eb5ddfc1660' , '0x1dcc4de8dec75d7aab85b567b6ccd41ad312451b948a7413f0a142fd40d49347' , 648 , '0x8e330a163f4ccf885eafbeba9469ebe50fd35d0106dce43b0e2ae75d4b4f6ac7' , 1491667270 , '199307279814241609177' , '0xf71ff96592770279349619b502e0371d69b92be68ff1c0bb80d4dc7153195859' , '[]' ,44.339554);
INSERT INTO account VALUES('0xEA674fdDe714fd979de3EdF0F56AA9716B898ec8',902583061617309983346,27080925) ON CONFLICT(address)  DO UPDATE SET (address,balance,txcount) = ('0xEA674fdDe714fd979de3EdF0F56AA9716B898ec8',902583061617309983346,27080925);

INSERT INTO TX VALUES ( '0x6ac403eeba1d10305fec2e020c52c874e057e4459b130f4a05ec0483a86d507e' , 3500006 , 'None' , 21000 , 25000 , 20000000000 , 21000 , '0x' , '[]' , '0x00000000000000000000000000000000000000000000000000000000000000000000000000000000000000000000000000000000000000000000000000000000000000000000000000000000000000000000000000000000000000000000000000000000000000000000000000000000000000000000000000000000000000000000000000000000000000000000000000000000000000000000000000000000000000000000000000000000000000000000000000000000000000000000000000000000000000000000000000000000000000000000000000000000000000000000000000000000000000000000000000000000000000000000000000000000' , '0x31b72b25acc00822777a9b3ade4323670549e3325ef469a431e7dff1ce28fc02' , '0x161027c5359eaa9f0b91a914a243715e62eabab7492d8bb76740c0a0e9fa12cc' , -1 , 0 , 38 ,420000000000000);
INSERT INTO Quick VALUES ( '0x6ac403eeba1d10305fec2e020c52c874e057e4459b130f4a05ec0483a86d507e' , 'None' , 'None' , 3500006 , '0xb2930B35844a230f00E51431aCAe96Fe543a0347' , 156227 , '0x68fF76287f3a44AAb3b8f547d258fF51A5cc5d23' , '335319150000000000' );
INSERT INTO account VALUES('0xb2930B35844a230f00E51431aCAe96Fe543a0347',3160000000000000,2025015) ON CONFLICT(address)  DO UPDATE SET (address,balance,txcount) = ('0xb2930B35844a230f00E51431aCAe96Fe543a0347',3160000000000000,2025015);

INSERT INTO account VALUES('0x68fF76287f3a44AAb3b8f547d258fF51A5cc5d23',2000002115649840,153) ON CONFLICT(address)  DO UPDATE SET (address,balance,txcount) = ('0x68fF76287f3a44AAb3b8f547d258fF51A5cc5d23',2000002115649840,153);

UPDATE block 
 SET totalFee =5.00042
 WHERE blockNumber = 3500006;
INSERT INTO block VALUES ( 3500007 , 102832 , '0xf6c85f55be6cd3ac476f3f2a129564d299af52b69f33352be1b195a5dc45017f' , '0x00000000000000000000000000000002000000000000000000100000000000000000000000000000000000000000000000000000000000000000000000000000000000000000000000000000000000000000000000000000000000000000000000000000000000000000004000000000000000000000000000000000000000000000020000000000000000000000000000000000000000000000000000000100000000000000000000000000000000000000000000000000000000000000000000000000000000000000000000000000000000000000000020000000000000000000000000000000000000000000000000000000000000000000000000000000' , '0x4396e2600e5683f6' , '250720417504038' , '0x7431' , 4267173 , '0xb2930B35844a230f00E51431aCAe96Fe543a0347' , '0xa9d2073f8ab68cdc172c984e5133a24001a67dffad994e160c0b1685358e09b1' , '0x7a6453a191ad95593b41c66dedc7a6ac427922cf33d33756ad9f9c6b2ac591b5' , '0x3f0d2e3a2a17e83ce9e992cafaf0cfef75fb525c8d9e1aa85ab0d93dd4fb6c90' , '0x1dcc4de8dec75d7aab85b567b6ccd41ad312451b948a7413f0a142fd40d49347' , 970 , '0x9bc6daec21ef23b8dda679b05d0f1a74f8e9a4e49ddadbbc3d1c583376adf86f' , 1491667276 , '199307530534659113215' , '0xe12330e968d2117bdc56404958a93c125163015118161ee2e16dd616223e1ea8' , '[]' ,44.339554);
INSERT INTO account VALUES('0xb2930B35844a230f00E51431aCAe96Fe543a0347',3160000000000000,2025015) ON CONFLICT(address)  DO UPDATE SET (address,balance,txcount) = ('0xb2930B35844a230f00E51431aCAe96Fe543a0347',3160000000000000,2025015);

INSERT INTO TX VALUES ( '0x3da83e3085ddc8e10a37ab2a3c90843a9f57171f986b7ab57b2742b308f2bd0a' , 3500007 , 'None' , 21000 , 21000 , 40000000000 , 21000 , '0x' , '[]' , '0x00000000000000000000000000000000000000000000000000000000000000000000000000000000000000000000000000000000000000000000000000000000000000000000000000000000000000000000000000000000000000000000000000000000000000000000000000000000000000000000000000000000000000000000000000000000000000000000000000000000000000000000000000000000000000000000000000000000000000000000000000000000000000000000000000000000000000000000000000000000000000000000000000000000000000000000000000000000000000000000000000000000000000000000000000000000' , '0x47b25f9be2e4d571412f0843ad02e728b7f893e685f6ff3fbfb776746c76b1c7' , '0x55252313e357efb5a55b8fb8a5119b2f9dd9f13e9b3d780b7ea969d41c74ba04' , -1 , 0 , 38 ,840000000000000);
INSERT INTO Quick VALUES ( '0x3da83e3085ddc8e10a37ab2a3c90843a9f57171f986b7ab57b2742b308f2bd0a' , 'None' , 'None' , 3500007 , '0x7eD1E469fCb3EE19C0366D829e291451bE638E59' , 26844 , '0x8f4E7F65e833551c7FE4FD2A3bF1a6d6ab988c73' , '6000000000000000000' );
INSERT INTO account VALUES('0x7eD1E469fCb3EE19C0366D829e291451bE638E59',13399545039149066555,421532) ON CONFLICT(address)  DO UPDATE SET (address,balance,txcount) = ('0x7eD1E469fCb3EE19C0366D829e291451bE638E59',13399545039149066555,421532);

INSERT INTO account VALUES('0x8f4E7F65e833551c7FE4FD2A3bF1a6d6ab988c73',705667690376128,4) ON CONFLICT(address)  DO UPDATE SET (address,balance,txcount) = ('0x8f4E7F65e833551c7FE4FD2A3bF1a6d6ab988c73',705667690376128,4);

INSERT INTO TX VALUES ( '0x85df0436c28959a63c928bf64ad2e5d11996397402159d1a5146ec12784e170f' , 3500007 , 'None' , 42000 , 90000 , 25000000000 , 21000 , '0x' , '[]' , '0x00000000000000000000000000000000000000000000000000000000000000000000000000000000000000000000000000000000000000000000000000000000000000000000000000000000000000000000000000000000000000000000000000000000000000000000000000000000000000000000000000000000000000000000000000000000000000000000000000000000000000000000000000000000000000000000000000000000000000000000000000000000000000000000000000000000000000000000000000000000000000000000000000000000000000000000000000000000000000000000000000000000000000000000000000000000' , '0xbf6b641bab22f431bc0b4f4aafdd4fc08e7b1e60deeb80aa641b9c2081d2534b' , '0x5e449d1ad26d2f8115225ee621aea0bdba5cc407bdfc07abae6332b3d67162df' , -1 , 1 , 37 ,525000000000000);
INSERT INTO Quick VALUES ( '0x85df0436c28959a63c928bf64ad2e5d11996397402159d1a5146ec12784e170f' , 'None' , 'None' , 3500007 , '0x2a65Aca4D5fC5B5C859090a6c34d164135398226' , 2100479 , '0x5B44E81a0f50f8018673ecFf3625E1991B0ad993' , '128627500000000000' );
INSERT INTO account VALUES('0x2a65Aca4D5fC5B5C859090a6c34d164135398226',2638787877517380044250,4659886) ON CONFLICT(address)  DO UPDATE SET (address,balance,txcount) = ('0x2a65Aca4D5fC5B5C859090a6c34d164135398226',2638787877517380044250,4659886);

INSERT INTO account VALUES('0x5B44E81a0f50f8018673ecFf3625E1991B0ad993',93218338000000000,7) ON CONFLICT(address)  DO UPDATE SET (address,balance,txcount) = ('0x5B44E81a0f50f8018673ecFf3625E1991B0ad993',93218338000000000,7);

INSERT INTO TX VALUES ( '0xb8cd7c1c2f503b63dbf309bd73ef6bf31da7020760a3ba2909f65c5de6b0377b' , 3500007 , 'None' , 72416 , 40000 , 20000000000 , 30416 , '0x' , '[AttributeDict({address: 0x209c4784AB1E8183Cf58cA33cb740efbF3FC18EF, blockHash: HexBytes(0xf6c85f55be6cd3ac476f3f2a129564d299af52b69f33352be1b195a5dc45017f), blockNumber: 3500007, data: 0x00000000000000000000000032be343b94f860124dc4fee278fdcbd38c102d88, logIndex: 0, removed: False, topics: [HexBytes(0x23919512b2162ddc59b67a65e3b03c419d4105366f7d4a632f5d3c3bee9b1cff)], transactionHash: HexBytes(0xb8cd7c1c2f503b63dbf309bd73ef6bf31da7020760a3ba2909f65c5de6b0377b), transactionIndex: 2})]' , '0x00000000000000000000000000000002000000000000000000100000000000000000000000000000000000000000000000000000000000000000000000000000000000000000000000000000000000000000000000000000000000000000000000000000000000000000004000000000000000000000000000000000000000000000020000000000000000000000000000000000000000000000000000000100000000000000000000000000000000000000000000000000000000000000000000000000000000000000000000000000000000000000000020000000000000000000000000000000000000000000000000000000000000000000000000000000' , '0xda9d3a253e9e8b71f7a86d573a26c5b981026fb24a04547ed7e39e942e9419e5' , '0x5f0d6137bdc4a8056e21eda57c5fc454dd56b85dba7c8577a21f420919e43d93' , -1 , 2 , 38 ,608320000000000);
INSERT INTO Quick VALUES ( '0xb8cd7c1c2f503b63dbf309bd73ef6bf31da7020760a3ba2909f65c5de6b0377b' , 'None' , 'None' , 3500007 , '0x2Af6865F93ea9220FBE3FfDe395387cbCFaD3e36' , 1 , '0x209c4784AB1E8183Cf58cA33cb740efbF3FC18EF' , '999391680000000000' );
INSERT INTO account VALUES('0x2Af6865F93ea9220FBE3FfDe395387cbCFaD3e36',591680000000000,3) ON CONFLICT(address)  DO UPDATE SET (address,balance,txcount) = ('0x2Af6865F93ea9220FBE3FfDe395387cbCFaD3e36',591680000000000,3);

INSERT INTO contract VALUES('0x209c4784AB1E8183Cf58cA33cb740efbF3FC18EF') ON CONFLICT(address)  DO UPDATE SET address = '0x209c4784AB1E8183Cf58cA33cb740efbF3FC18EF';

INSERT INTO TX VALUES ( '0xba5114f6efe9f9d95e2d021fcf342844eb5aa92f47cab7a47e6314255f3770a0' , 3500007 , 'None' , 102832 , 40000 , 20000000000 , 30416 , '0x' , '[AttributeDict({address: 0x209c4784AB1E8183Cf58cA33cb740efbF3FC18EF, blockHash: HexBytes(0xf6c85f55be6cd3ac476f3f2a129564d299af52b69f33352be1b195a5dc45017f), blockNumber: 3500007, data: 0x00000000000000000000000032be343b94f860124dc4fee278fdcbd38c102d88, logIndex: 1, removed: False, topics: [HexBytes(0x23919512b2162ddc59b67a65e3b03c419d4105366f7d4a632f5d3c3bee9b1cff)], transactionHash: HexBytes(0xba5114f6efe9f9d95e2d021fcf342844eb5aa92f47cab7a47e6314255f3770a0), transactionIndex: 3})]' , '0x00000000000000000000000000000002000000000000000000100000000000000000000000000000000000000000000000000000000000000000000000000000000000000000000000000000000000000000000000000000000000000000000000000000000000000000004000000000000000000000000000000000000000000000020000000000000000000000000000000000000000000000000000000100000000000000000000000000000000000000000000000000000000000000000000000000000000000000000000000000000000000000000020000000000000000000000000000000000000000000000000000000000000000000000000000000' , '0xb963f03388be808ae07dce507a9dd076924a0b048d01366370937369d9f09539' , '0x724b7feac174b0472f11224ef75ddb19d613de2fec07a68bfe56fbadd84b335e' , -1 , 3 , 38 ,608320000000000);
INSERT INTO Quick VALUES ( '0xba5114f6efe9f9d95e2d021fcf342844eb5aa92f47cab7a47e6314255f3770a0' , 'None' , 'None' , 3500007 , '0xD41B1d71c30900754Ac7E812bdd3Cdaa8a67f92D' , 34 , '0x209c4784AB1E8183Cf58cA33cb740efbF3FC18EF' , '4949391680000000000' );
INSERT INTO account VALUES('0xD41B1d71c30900754Ac7E812bdd3Cdaa8a67f92D',483225811693388522,67) ON CONFLICT(address)  DO UPDATE SET (address,balance,txcount) = ('0xD41B1d71c30900754Ac7E812bdd3Cdaa8a67f92D',483225811693388522,67);

INSERT INTO contract VALUES('0x209c4784AB1E8183Cf58cA33cb740efbF3FC18EF') ON CONFLICT(address)  DO UPDATE SET address = '0x209c4784AB1E8183Cf58cA33cb740efbF3FC18EF';

UPDATE block 
 SET totalFee =5.00258164
 WHERE blockNumber = 3500007;
INSERT INTO block VALUES ( 3500008 , 0 , '0xe94b585d538e6d6e29730e52f77e20793476970c39bab87e246b3bfa450a1a9a' , '0x00000000000000000000000000000000000000000000000000000000000000000000000000000000000000000000000000000000000000000000000000000000000000000000000000000000000000000000000000000000000000000000000000000000000000000000000000000000000000000000000000000000000000000000000000000000000000000000000000000000000000000000000000000000000000000000000000000000000000000000000000000000000000000000000000000000000000000000000000000000000000000000000000000000000000000000000000000000000000000000000000000000000000000000000000000000' , '0x282d47c010b1c505' , '250729007438630' , '0xe4b883e5bda9e7a59ee4bb99e9b1bc' , 4263157 , '0x61C808D82A3Ac53231750daDc13c777b59310bD9' , '0x03de5ff64decb93eee121ee7ad0b0117613ec118bd5ab30ca9c41ba6e28a730d' , '0xf6c85f55be6cd3ac476f3f2a129564d299af52b69f33352be1b195a5dc45017f' , '0x56e81f171bcc55a6ff8345e692c0f86e5b48e01b996cadc001622fb5e363b421' , '0x1dcc4de8dec75d7aab85b567b6ccd41ad312451b948a7413f0a142fd40d49347' , 532 , '0x01edcf45c40d5a7003e16d2abd8704e576fc555281118ee80ad4ec90e9bf0942' , 1491667295 , '199307781263666551845' , '0x56e81f171bcc55a6ff8345e692c0f86e5b48e01b996cadc001622fb5e363b421' , '[]' ,44.339554);
INSERT INTO account VALUES('0x61C808D82A3Ac53231750daDc13c777b59310bD9',45000000000000000000000,995045) ON CONFLICT(address)  DO UPDATE SET (address,balance,txcount) = ('0x61C808D82A3Ac53231750daDc13c777b59310bD9',45000000000000000000000,995045);

UPDATE block 
 SET totalFee =5
 WHERE blockNumber = 3500008;
INSERT INTO block VALUES ( 3500009 , 21000 , '0xc8388a14dc1cba1aff371d3cfddcc4642621e7ad2724e6e139d13fbb0a860dd1' , '0x00000000000000000000000000000000000000000000000000000000000000000000000000000000000000000000000000000000000000000000000000000000000000000000000000000000000000000000000000000000000000000000000000000000000000000000000000000000000000000000000000000000000000000000000000000000000000000000000000000000000000000000000000000000000000000000000000000000000000000000000000000000000000000000000000000000000000000000000000000000000000000000000000000000000000000000000000000000000000000000000000000000000000000000000000000000' , '0xec334a0809164347' , '250737597373222' , '0x7777772e62772e636f6d' , 4258995 , '0xC0ea08A2d404d3172d2AdD29A45be56dA40e2949' , '0x21f04278f810646bad286a7eee098c7a75fe6d3a9feaa617eeeed61281dc3698' , '0xe94b585d538e6d6e29730e52f77e20793476970c39bab87e246b3bfa450a1a9a' , '0xcb26e52fe86b7ee511ad2231ccb1de8be32e6f1f79d17af203aed08decc6ff34' , '0x1dcc4de8dec75d7aab85b567b6ccd41ad312451b948a7413f0a142fd40d49347' , 643 , '0x7c8347752856674c2144d2dceea770ecab68e380c0aeca4c7e0ee17d341fb556' , 1491667309 , '199308032001263925067' , '0xabecd39ddca301c70bae06d2d5c9fd84712813a5c76171968cbd0cca5b99d315' , '[]' ,44.339554);
INSERT INTO account VALUES('0xC0ea08A2d404d3172d2AdD29A45be56dA40e2949',0,290) ON CONFLICT(address)  DO UPDATE SET (address,balance,txcount) = ('0xC0ea08A2d404d3172d2AdD29A45be56dA40e2949',0,290);

INSERT INTO TX VALUES ( '0xb5973ef015a5d9fa79238986c521aa5b4727091aabfbda115549001034304d01' , 3500009 , 'None' , 21000 , 333333 , 30000000000 , 21000 , '0x' , '[]' , '0x00000000000000000000000000000000000000000000000000000000000000000000000000000000000000000000000000000000000000000000000000000000000000000000000000000000000000000000000000000000000000000000000000000000000000000000000000000000000000000000000000000000000000000000000000000000000000000000000000000000000000000000000000000000000000000000000000000000000000000000000000000000000000000000000000000000000000000000000000000000000000000000000000000000000000000000000000000000000000000000000000000000000000000000000000000000' , '0xdce105198d1d4ccd61dcc2275f6131f57815f22080af9c458dd956a8978cc8fb' , '0x2842359b3e0dd28e466f3c484d2507baaa6cdbf07eb557eb7f0b54863b4d6b6f' , -1 , 0 , 38 ,630000000000000);
INSERT INTO Quick VALUES ( '0xb5973ef015a5d9fa79238986c521aa5b4727091aabfbda115549001034304d01' , 'None' , 'None' , 3500009 , '0x32Be343B94f860124dC4fEe278FDCBD38C102D88' , 267978 , '0xB28c743fDCcfC9E26e4CB7f41779C96CbEdbEb5d' , '64599250000000000' );
INSERT INTO account VALUES('0x32Be343B94f860124dC4fEe278FDCBD38C102D88',397164999944854000,1447094) ON CONFLICT(address)  DO UPDATE SET (address,balance,txcount) = ('0x32Be343B94f860124dC4fEe278FDCBD38C102D88',397164999944854000,1447094);

INSERT INTO account VALUES('0xB28c743fDCcfC9E26e4CB7f41779C96CbEdbEb5d',0,3) ON CONFLICT(address)  DO UPDATE SET (address,balance,txcount) = ('0xB28c743fDCcfC9E26e4CB7f41779C96CbEdbEb5d',0,3);

UPDATE block 
 SET totalFee =5.00063
 WHERE blockNumber = 3500009;
